Player;Club;Club (country);Country;Plays in home country?;MATCHES;FOUND;Number of home runners;Goals(25/6);Continent; Asia, Africa, North America, South America, Antarctica, Europe, and Australia
Islam SLIMANI;Sporting CP;Portugal;Algeria;FAUX;Islam SLIMANI;VRAI;0;1;Africa;
El Arabi SOUDANI;GNK Dinamo Zagreb;Croatia;Algeria;FAUX;Eduardo VARGAS;FAUX;0;0;Africa;
Nabil GHILAS;FC Porto;Portugal;Algeria;FAUX;Moussa SISSOKO;FAUX;0;0;Africa;
Saphir TAIDER;FC Internazionale;Italy;Algeria;FAUX;Robin VAN PERSIE;FAUX;0;0;Africa;
Sofiane FEGHOULI;Valencia CF;Spain;Algeria;FAUX;Sofiane FEGHOULI;VRAI;0;1;Africa;
Abdelmoumene DJABOU;Club Africain;Tunisia;Algeria;FAUX;Abdelmoumene DJABOU;VRAI;0;1;Africa;
Hassan YEBDA;Udinese Calcio;Italy;Algeria;FAUX;Haris SEFEROVIC;FAUX;0;0;Africa;
Esseid BELKALEM;Watford FC;England;Algeria;FAUX;Enner VALENCIA;FAUX;0;0;Africa;
Madjid BOUGUERRA;Lekhwiya SC;Qatar;Algeria;FAUX;Luis SUAREZ;FAUX;0;0;Africa;
Carl MEDJANI;Valenciennes FC;France;Algeria;FAUX;Bryan RUIZ;FAUX;0;0;Africa;
Rafik HALLICHE;Academica Coimbra;Portugal;Algeria;FAUX;Rafik HALLICHE;VRAI;0;1;Africa;
Mehdi MOSTEFA;AC Ajaccio;France;Algeria;FAUX;Mats HUMMELS;FAUX;0;0;Africa;
Medhi LACEN;Getafe CF;Spain;Algeria;FAUX;Mats HUMMELS;FAUX;0;0;Africa;
Mohamed ZEMMAMOUCHE;USM Alger;Algeria;Algeria;VRAI;Miroslav KLOSE;FAUX;1;0;Africa;
Cedric SI MOHAMMED;CS Constantine;Algeria;Algeria;VRAI;Carlo COSTLY;FAUX;1;0;Africa;
Djamel MESBAH;AS Livorno;Italy;Algeria;FAUX;Divock ORIGI;FAUX;0;0;Africa;
Rais MBOLHI;CSKA Sofia;Bulgaria;Algeria;FAUX;Rafik HALLICHE;FAUX;0;0;Africa;
Liassine CADAMURO;RCD Mallorca;Spain;Algeria;FAUX;Leroy FER;FAUX;0;0;Africa;
Yacine BRAHIMI;Granada CF;Spain;Algeria;FAUX;Yacine BRAHIMI;VRAI;0;1;Africa;
Faouzi GHOULAM;SSC Napoli;Italy;Algeria;FAUX;Enner VALENCIA;FAUX;0;0;Africa;
Riyad MAHREZ;Leicester City FC;England;Algeria;FAUX;Rafik HALLICHE;FAUX;0;0;Africa;
Aissa MANDI;Stade de Reims;France;Algeria;FAUX;Admir MEHMEDI;FAUX;0;0;Africa;
Nabil BENTALEB;Tottenham Hotspur FC;England;Algeria;FAUX;Moussa SISSOKO;FAUX;0;0;Africa;
Gonzalo HIGUAIN;SSC Napoli;Italy;Argentina;FAUX;GERVINHO;FAUX;0;0;South America;
Lionel MESSI;FC Barcelona;Spain;Argentina;FAUX;Lionel MESSI;VRAI;0;2;South America;
Sergio AGUERO;Manchester City FC;England;Argentina;FAUX;Robin VAN PERSIE;FAUX;0;0;South America;
Maxi RODRIGUEZ;CA Newells Old Boys;Argentina;Argentina;VRAI;Mats HUMMELS;FAUX;1;0;South America;
Angel DI MARIA;Real Madrid CF;Spain;Argentina;FAUX;Andres GUARDADO;FAUX;0;0;South America;
Enzo PEREZ;SL Benfica;Portugal;Argentina;FAUX;Enner VALENCIA;FAUX;0;0;South America;
Augusto FERNANDEZ;Celta Vigo;Spain;Argentina;FAUX;Asamoah GYAN;FAUX;0;0;South America;
Ezequiel LAVEZZI;Paris Saint-Germain FC;France;Argentina;FAUX;Enner VALENCIA;FAUX;0;0;South America;
Rodrigo PALACIO;FC Internazionale;Italy;Argentina;FAUX;Robin VAN PERSIE;FAUX;0;0;South America;
Federico FERNANDEZ;SSC Napoli;Italy;Argentina;FAUX;Enner VALENCIA;FAUX;0;0;South America;
Martin DEMICHELIS;Manchester City FC;England;Argentina;FAUX;Marouane FELLAINI;FAUX;0;0;South America;
Javier MASCHERANO;FC Barcelona;Spain;Argentina;FAUX;Javier HERNANDEZ;FAUX;0;0;South America;
Hugo CAMPAGNARO;FC Internazionale;Italy;Argentina;FAUX;Haris SEFEROVIC;FAUX;0;0;South America;
Agustin ORION;CA Boca Juniors;Argentina;Argentina;VRAI;Admir MEHMEDI;FAUX;1;0;South America;
Mariano ANDUJAR;Calcio Catania;Italy;Argentina;FAUX;Marcos URENA;FAUX;0;0;South America;
Jose Maria BASANTA;CF Monterrey;Mexico;Argentina;FAUX;Jorge VALDIVIA;FAUX;0;0;South America;
Pablo ZABALETA;Manchester City FC;England;Argentina;FAUX;Pablo ARMERO;FAUX;0;0;South America;
Fernando GAGO;CA Boca Juniors;Argentina;Argentina;VRAI;FERNANDINHO;FAUX;1;0;South America;
Lucas BIGLIA;SS Lazio;Italy;Argentina;FAUX;Lionel MESSI;FAUX;0;0;South America;
Sergio ROMERO;AS Monaco;France;Argentina;FAUX;Robin VAN PERSIE;FAUX;0;0;South America;
Ezequiel GARAY;SL Benfica;Portugal;Argentina;FAUX;Enner VALENCIA;FAUX;0;0;South America;
Ricardo ALVAREZ;FC Internazionale;Italy;Argentina;FAUX;Rafik HALLICHE;FAUX;0;0;South America;
Marcos ROJO;Sporting CP;Portugal;Argentina;FAUX;Luis SUAREZ;FAUX;0;0;South America;
Adam TAGGART;Newcastle United Jets FC;Australia;Australia;VRAI;Abdelmoumene DJABOU;FAUX;1;0;Australia;
Tim CAHILL;New York Red Bulls;USA;Australia;FAUX;Tim CAHILL;VRAI;0;2;Australia;
Mark BRESCIANO;Al Gharafa SC;Qatar;Australia;FAUX;Mario MANDZUKIC;FAUX;0;0;Australia;
Mathew LECKIE;FSV Frankfurt;Germany;Australia;FAUX;Marouane FELLAINI;FAUX;0;0;Australia;
James TROISI;Melbourne Victory FC;Australia;Australia;VRAI;James RODRIGUEZ;FAUX;1;0;Australia;
Mile JEDINAK;Crystal Palace FC;England;Australia;FAUX;Mile JEDINAK;VRAI;0;1;Australia;
Dario VIDOSIC;FC Sion;Switzerland;Australia;FAUX;Daniel STURRIDGE;FAUX;0;0;Australia;
Mark MILLIGAN;Melbourne Victory FC;Australia;Australia;VRAI;Mario MANDZUKIC;FAUX;1;0;Australia;
Tommy OAR;FC Utrecht;Netherlands;Australia;FAUX;Tim CAHILL;FAUX;0;0;Australia;
Matt McKAY;Brisbane Roar FC;Australia;Australia;VRAI;Mats HUMMELS;FAUX;1;0;Australia;
Eugene GALEKOVIC;Adelaide United FC;Australia;Australia;VRAI;Enner VALENCIA;FAUX;1;0;Australia;
Alex WILKINSON;Jeonbuk Hyundai Motors FC;South Korea;Australia;FAUX;Aleksandr KERZHAKOV;FAUX;0;0;Australia;
Ivan FRANJIC;Brisbane Roar FC;Australia;Australia;VRAI;Islam SLIMANI;FAUX;1;0;Australia;
Mitch LANGERAK;Borussia Dortmund;Germany;Australia;FAUX;Miroslav KLOSE;FAUX;0;0;Australia;
Matthew SPIRANOVIC;Western Sydney Wanderers FC;Australia;Australia;VRAI;Mats HUMMELS;FAUX;1;0;Australia;
James HOLLAND;FK Austria Wien;Austria;Australia;FAUX;Jackson MARTINEZ;FAUX;0;0;Australia;
Oliver BOZANIC;FC Luzern;Switzerland;Australia;FAUX;NEYMAR;FAUX;0;0;Australia;
Ryan McGOWAN;Shandong Luneng Taishan FC;China;Australia;FAUX;Robin VAN PERSIE;FAUX;0;0;Australia;
Maty RYAN;Club Brugge KV;Belgium;Australia;FAUX;Mats HUMMELS;FAUX;0;0;Australia;
Ben HALLORAN;Fortuna Duesseldorf;Germany;Australia;FAUX;Asamoah GYAN;FAUX;0;0;Australia;
Jason DAVIDSON;SC Heracles Almelo;Netherlands;Australia;FAUX;James RODRIGUEZ;FAUX;0;0;Australia;
Massimo LUONGO;Swindon Town FC;England;Australia;FAUX;Marouane FELLAINI;FAUX;0;0;Australia;
Bailey WRIGHT;Preston North End FC;England;Australia;FAUX;Asamoah GYAN;FAUX;0;0;Australia;
Romelu LUKAKU;Everton FC;England;Belgium;FAUX;Robin VAN PERSIE;FAUX;0;0;Europe;
Kevin DE BRUYNE;VfL Wolfsburg;Germany;Belgium;FAUX;Keisuke HONDA;FAUX;0;0;Europe;
Kevin MIRALLAS;Everton FC;England;Belgium;FAUX;Keisuke HONDA;FAUX;0;0;Europe;
Marouane FELLAINI;Manchester United FC;England;Belgium;FAUX;Marouane FELLAINI;VRAI;0;1;Europe;
Nacer CHADLI;Tottenham Hotspur FC;England;Belgium;FAUX;Moussa SISSOKO;FAUX;0;0;Europe;
Eden HAZARD;Chelsea FC;England;Belgium;FAUX;Dries MERTENS;FAUX;0;0;Europe;
Daniel VAN BUYTEN;FC Bayern Muenchen;Germany;Belgium;FAUX;Daniel STURRIDGE;FAUX;0;0;Europe;
Axel WITSEL;FC Zenit St. Petersburg;Russia;Belgium;FAUX;Asamoah GYAN;FAUX;0;0;Europe;
Moussa DEMBELE;Tottenham Hotspur FC;England;Belgium;FAUX;Miroslav KLOSE;FAUX;0;0;Europe;
Dries MERTENS;SSC Napoli;Italy;Belgium;FAUX;Dries MERTENS;VRAI;0;1;Europe;
Nicolas LOMBAERTS;FC Zenit St. Petersburg;Russia;Belgium;FAUX;NEYMAR;FAUX;0;0;Europe;
Jan VERTONGHEN;Tottenham Hotspur FC;England;Belgium;FAUX;James RODRIGUEZ;FAUX;0;0;Europe;
Vincent KOMPANY;Manchester City FC;England;Belgium;FAUX;Vedad IBISEVIC;FAUX;0;0;Europe;
Steven DEFOUR;FC Porto;Portugal;Belgium;FAUX;Stefan DE VRIJ;FAUX;0;0;Europe;
Anthony VANDEN BORRE;RSC Anderlecht;Belgium;Belgium;VRAI;Andres GUARDADO;FAUX;1;0;Europe;
Toby ALDERWEIRELD;Atletico Madrid;Spain;Belgium;FAUX;Tim CAHILL;FAUX;0;0;Europe;
Thomas VERMAELEN;Arsenal FC;England;Belgium;FAUX;Thomas MUELLER;FAUX;0;0;Europe;
Laurent CIMAN;Standard Liege;Belgium;Belgium;VRAI;KOO Jacheol;FAUX;1;0;Europe;
Simon MIGNOLET;Liverpool FC;England;Belgium;FAUX;Shinji OKAZAKI;FAUX;0;0;Europe;
Thibaut COURTOIS;Atletico Madrid;Spain;Belgium;FAUX;Teofilo GUTIERREZ;FAUX;0;0;Europe;
Divock ORIGI;Lille OSC;France;Belgium;FAUX;Divock ORIGI;VRAI;0;1;Europe;
Sammy BOSSUT;SV Zulte Waregem;Belgium;Belgium;VRAI;Robin VAN PERSIE;FAUX;1;0;Europe;
Adnan JANUZAJ;Manchester United FC;England;Belgium;FAUX;Admir MEHMEDI;FAUX;0;0;Europe;
Edin DZEKO;Manchester City FC;England;Bosnia & Herzegovina;FAUX;Dries MERTENS;FAUX;0;0;Europe;
Vedad IBISEVIC;VfB Stuttgart;Germany;Bosnia & Herzegovina;FAUX;Vedad IBISEVIC;VRAI;0;1;Europe;
Zvjezdan MISIMOVIC;Guizhou Renhe FC;China;Bosnia & Herzegovina;FAUX;Yacine BRAHIMI;FAUX;0;0;Europe;
Izet HAJROVIC;Galatasaray SK;Turkey;Bosnia & Herzegovina;FAUX;Ivica OLIC;FAUX;0;0;Europe;
Miralem PJANIC;AS Roma;Italy;Bosnia & Herzegovina;FAUX;Mile JEDINAK;FAUX;0;0;Europe;
Haris MEDUNJANIN;Gaziantepspor;Turkey;Bosnia & Herzegovina;FAUX;Granit XHAKA;FAUX;0;0;Europe;
Ermin BICAKCIC;Eintracht Braunschweig;Germany;Bosnia & Herzegovina;FAUX;Enner VALENCIA;FAUX;0;0;Europe;
Sejad SALIHOVIC;TSG 1899 Hoffenheim;Germany;Bosnia & Herzegovina;FAUX;Robin VAN PERSIE;FAUX;0;0;Europe;
Senijad IBRICIC;Kayseri Erciyesspor;Turkey;Bosnia & Herzegovina;FAUX;Robin VAN PERSIE;FAUX;0;0;Europe;
Emir SPAHIC;Bayer 04 Leverkusen;Germany;Bosnia & Herzegovina;FAUX;Eduardo VARGAS;FAUX;0;0;Europe;
Senad LULIC;SS Lazio;Italy;Bosnia & Herzegovina;FAUX;Robin VAN PERSIE;FAUX;0;0;Europe;
Asmir AVDUKIC;FK Borac Banja Luka;Bosnia & Herzegovina;Bosnia & Herzegovina;VRAI;Asamoah GYAN;FAUX;1;0;Europe;
Mensur MUJDZA;SC Freiburg;Germany;Bosnia & Herzegovina;FAUX;Memphis DEPAY;FAUX;0;0;Europe;
Avdija VRSAJEVIC;HNK Hajduk Split;Croatia;Bosnia & Herzegovina;FAUX;Asamoah GYAN;FAUX;0;0;Europe;
Asmir BEGOVIC;Stoke City FC;England;Bosnia & Herzegovina;FAUX;Asamoah GYAN;FAUX;0;0;Europe;
Toni SUNJIC;FC Zorya Lugansk;Ukraine;Bosnia & Herzegovina;FAUX;Tim CAHILL;FAUX;0;0;Europe;
Ognjen VRANJES;Elazigspor;Turkey;Bosnia & Herzegovina;FAUX;NEYMAR;FAUX;0;0;Europe;
Anel HADZIC;SK Sturm Graz;Austria;Bosnia & Herzegovina;FAUX;Andres GUARDADO;FAUX;0;0;Europe;
Edin VISCA;Istanbul BBSK;Turkey;Bosnia & Herzegovina;FAUX;Dries MERTENS;FAUX;0;0;Europe;
Tino Sven SUSIC;HNK Hajduk Split;Croatia;Bosnia & Herzegovina;FAUX;Tim CAHILL;FAUX;0;0;Europe;
Muhamed BESIC;Ferencvarosi TC;Hungary;Bosnia & Herzegovina;FAUX;Moussa SISSOKO;FAUX;0;0;Europe;
Sead KOLASINAC;FC Schalke 04;Germany;Bosnia & Herzegovina;FAUX;Robin VAN PERSIE;FAUX;0;0;Europe;
Jasmin FEJZIC;VfR Aalen;Germany;Bosnia & Herzegovina;FAUX;James RODRIGUEZ;FAUX;0;0;Europe;
NEYMAR;FC Barcelona;Spain;Brazil;FAUX;NEYMAR;VRAI;0;4;South America;
FRED;Fluminense FC;Brazil;Brazil;VRAI;FRED;VRAI;1;1;South America;
WILLIAN;Chelsea FC;England;Brazil;FAUX;Wilfried BONY;FAUX;0;0;South America;
JO;Atletico Mineiro;Brazil;Brazil;VRAI;Jermaine JONES;FAUX;1;0;South America;
OSCAR;Chelsea FC;England;Brazil;FAUX;OSCAR;VRAI;0;1;South America;
HULK;FC Zenit St. Petersburg;Russia;Brazil;FAUX;Haris SEFEROVIC;FAUX;0;0;South America;
PAULINHO;Tottenham Hotspur FC;England;Brazil;FAUX;Pablo ARMERO;FAUX;0;0;South America;
DANTE;FC Bayern Muenchen;Germany;Brazil;FAUX;Daniel STURRIDGE;FAUX;0;0;South America;
FERNANDINHO;Manchester City FC;England;Brazil;FAUX;FERNANDINHO;VRAI;0;1;South America;
MARCELO;Real Madrid CF;Spain;Brazil;FAUX;Luis SUAREZ;FAUX;0;0;South America;
BERNARD;Shakhtar Donetsk;Ukraine;Brazil;FAUX;Asamoah GYAN;FAUX;0;0;South America;
MAICON;AS Roma;Italy;Brazil;FAUX;Luis SUAREZ;FAUX;0;0;South America;
RAMIRES;Chelsea FC;England;Brazil;FAUX;Rafik HALLICHE;FAUX;0;0;South America;
HERNANES;FC Internazionale;Italy;Brazil;FAUX;Haris SEFEROVIC;FAUX;0;0;South America;
DANI ALVES;FC Barcelona;Spain;Brazil;FAUX;Clint DEMPSEY;FAUX;0;0;South America;
LUIZ GUSTAVO;VfL Wolfsburg;Germany;Brazil;FAUX;Luis SUAREZ;FAUX;0;0;South America;
THIAGO SILVA;Paris Saint-Germain FC;France;Brazil;FAUX;Teofilo GUTIERREZ;FAUX;0;0;South America;
JULIO CESAR;Toronto FC;Canada;Brazil;FAUX;Juan QUINTERO;FAUX;0;0;South America;
MAXWELL;Paris Saint-Germain FC;France;Brazil;FAUX;Mats HUMMELS;FAUX;0;0;South America;
VICTOR;Atletico Mineiro;Brazil;Brazil;VRAI;Vedad IBISEVIC;FAUX;1;0;South America;
JEFFERSON;Botafogo FR;Brazil;Brazil;VRAI;Jean BEAUSEJOUR;FAUX;1;0;South America;
DAVID LUIZ;Chelsea FC;England;Brazil;FAUX;Daniel STURRIDGE;FAUX;0;0;South America;
HENRIQUE;SSC Napoli;Italy;Brazil;FAUX;Haris SEFEROVIC;FAUX;0;0;South America;
Eric CHOUPO MOTING;FSV Mainz 05;Germany;Cameroon;FAUX;Enner VALENCIA;FAUX;0;0;Africa;
Samuel ETOO;Chelsea FC;England;Cameroon;FAUX;Robin VAN PERSIE;FAUX;0;0;Africa;
Pierre WEBO;Fenerbahce SK;Turkey;Cameroon;FAUX;Peter ODEMWINGIE;FAUX;0;0;Africa;
Fabrice OLINGA;SV Zulte Waregem;Belgium;Cameroon;FAUX;Enner VALENCIA;FAUX;0;0;Africa;
Benjamin MOUKANDJO;AS Nancy;France;Cameroon;FAUX;Asamoah GYAN;FAUX;0;0;Africa;
Vincent ABOUBAKAR;FC Lorient;France;Cameroon;FAUX;Vedad IBISEVIC;FAUX;0;0;Africa;
Jean MAKOUN;Stade Rennais FC;France;Cameroon;FAUX;Jean BEAUSEJOUR;FAUX;0;0;Africa;
Stephane MBIA;Sevilla FC;Spain;Cameroon;FAUX;Stefan DE VRIJ;FAUX;0;0;Africa;
Enoh EYONG;Antalyaspor AS;Turkey;Cameroon;FAUX;Enner VALENCIA;FAUX;0;0;Africa;
Landry NGUEMO;FC Girondins Bordeaux;France;Cameroon;FAUX;KOO Jacheol;FAUX;0;0;Africa;
Aurelien CHEDJOU;Galatasaray SK;Turkey;Cameroon;FAUX;Asamoah GYAN;FAUX;0;0;Africa;
Charles ITANDJE;Konyaspor;Turkey;Cameroon;FAUX;Charles ARANGUIZ;FAUX;0;0;Africa;
Benoit ASSOU EKOTTO;Queens Park Rangers FC;England;Cameroon;FAUX;Asamoah GYAN;FAUX;0;0;Africa;
Henri BEDIMO;Olympique Lyonnais;France;Cameroon;FAUX;Haris SEFEROVIC;FAUX;0;0;Africa;
Dany NOUNKEU;Besiktas JK;Turkey;Cameroon;FAUX;Daniel STURRIDGE;FAUX;0;0;Africa;
Alexandre SONG;FC Barcelona;Spain;Cameroon;FAUX;Aleksandr KERZHAKOV;FAUX;0;0;Africa;
Allan NYOM;Granada CF;Spain;Cameroon;FAUX;Alexis SANCHEZ;FAUX;0;0;Africa;
Nicolas NKOULOU;Olympique Marseille;France;Cameroon;FAUX;NEYMAR;FAUX;0;0;Africa;
Sammy NDJOCK;Fethiyespor;Turkey;Cameroon;FAUX;Robin VAN PERSIE;FAUX;0;0;Africa;
Joel MATIP;FC Schalke 04;Germany;Cameroon;FAUX;Joel MATIP;VRAI;0;1;Africa;
Loic FEUDJOU;Coton Sport FC;Cameroon;Cameroon;VRAI;Lionel MESSI;FAUX;1;0;Africa;
Cedric DJEUGOUE;Coton Sport FC;Cameroon;Cameroon;VRAI;Carlo COSTLY;FAUX;1;0;Africa;
Edgar SALLI;RC Lens;France;Cameroon;FAUX;Dries MERTENS;FAUX;0;0;Africa;
Miiko ALBORNOZ;Malmo FF;Sweden;Chile;FAUX;Memphis DEPAY;FAUX;0;0;South America;
Eduardo VARGAS;Valencia CF;Spain;Chile;FAUX;Eduardo VARGAS;VRAI;0;1;South America;
Alexis SANCHEZ;FC Barcelona;Spain;Chile;FAUX;Alexis SANCHEZ;VRAI;0;1;South America;
Esteban PAREDES;CSD Colo-Colo;Chile;Chile;VRAI;Enner VALENCIA;FAUX;1;0;South America;
Mauricio PINILLA;Cagliari Calcio;Italy;Chile;FAUX;Mats HUMMELS;FAUX;0;0;South America;
Arturo VIDAL;Juventus FC;Italy;Chile;FAUX;Arjen ROBBEN;FAUX;0;0;South America;
Eugenio MENA;Santos FC;Brazil;Chile;FAUX;Enner VALENCIA;FAUX;0;0;South America;
Charles ARANGUIZ;SC Internacional;Brazil;Chile;FAUX;Charles ARANGUIZ;VRAI;0;1;South America;
Jean BEAUSEJOUR;Wigan Athletic FC;England;Chile;FAUX;Jean BEAUSEJOUR;VRAI;0;1;South America;
Gary MEDEL;Cardiff City FC;England;Chile;FAUX;FRED;FAUX;0;0;South America;
Fabian ORELLANA;Celta Vigo;Spain;Chile;FAUX;Enner VALENCIA;FAUX;0;0;South America;
Jorge VALDIVIA;Palmeiras;Brazil;Chile;FAUX;Jorge VALDIVIA;VRAI;0;1;South America;
Felipe GUTIERREZ;FC Twente;Netherlands;Chile;FAUX;Enner VALENCIA;FAUX;0;0;South America;
Jose ROJAS;Club Universidad de Chile;Chile;Chile;VRAI;Jorge VALDIVIA;FAUX;1;0;South America;
Marcelo DIAZ;FC Basel;Switzerland;Chile;FAUX;Luis SUAREZ;FAUX;0;0;South America;
Gonzalo JARA;Nottingham Forest FC;England;Chile;FAUX;GERVINHO;FAUX;0;0;South America;
Mauricio ISLA;Juventus FC;Italy;Chile;FAUX;Mats HUMMELS;FAUX;0;0;South America;
Jose FUENZALIDA;CSD Colo-Colo;Chile;Chile;VRAI;Jorge VALDIVIA;FAUX;1;0;South America;
Carlos CARMONA;Atalanta Bergamo;Italy;Chile;FAUX;Carlo COSTLY;FAUX;0;0;South America;
Johnny HERRERA;Club Universidad de Chile;Chile;Chile;VRAI;John BROOKS;FAUX;1;0;South America;
Claudio BRAVO;Real Sociedad;Spain;Chile;FAUX;Charles ARANGUIZ;FAUX;0;0;South America;
Francisco SILVA;CA Osasuna;Spain;Chile;FAUX;Fernando TORRES;FAUX;0;0;South America;
Cristopher TOSELLI;CD Universidad Catolica;Chile;Chile;VRAI;Clint DEMPSEY;FAUX;1;0;South America;
Teofilo GUTIERREZ;CA River Plate;Argentina;Colombia;FAUX;Teofilo GUTIERREZ;VRAI;0;1;South America;
Carlos BACCA;Sevilla FC;Spain;Colombia;FAUX;Carlo COSTLY;FAUX;0;0;South America;
Jackson MARTINEZ;FC Porto;Portugal;Colombia;FAUX;Jackson MARTINEZ;VRAI;0;2;South America;
James RODRIGUEZ;AS Monaco;France;Colombia;FAUX;James RODRIGUEZ;VRAI;0;3;South America;
Carlos VALDES;CA San Lorenzo de Almagro;Argentina;Colombia;FAUX;Carlo COSTLY;FAUX;0;0;South America;
Victor IBARBO;Cagliari Calcio;Italy;Colombia;FAUX;Vedad IBISEVIC;FAUX;0;0;South America;
Juan CUADRADO;ACF Fiorentina;Italy;Colombia;FAUX;Juan CUADRADO;VRAI;0;1;South America;
Abel AGUILAR;Toulouse FC;France;Colombia;FAUX;Abdelmoumene DJABOU;FAUX;0;0;South America;
Adrian RAMOS;Hertha BSC;Germany;Colombia;FAUX;Admir MEHMEDI;FAUX;0;0;South America;
Fredy GUARIN;FC Internazionale;Italy;Colombia;FAUX;FRED;FAUX;0;0;South America;
Mario YEPES;Atalanta Bergamo;Italy;Colombia;FAUX;Mario MANDZUKIC;FAUX;0;0;South America;
Carlos CARBONERO;CA River Plate;Argentinia;Colombia;FAUX;Carlo COSTLY;FAUX;0;0;South America;
Juan ZUNIGA;SSC Napoli;Italy;Colombia;FAUX;Juan QUINTERO;FAUX;0;0;South America;
Pablo ARMERO;West Ham United FC;England;Colombia;FAUX;Pablo ARMERO;VRAI;0;1;South America;
Faryd MONDRAGON;Deportivo Cali;Colombia;Colombia;VRAI;Enner VALENCIA;FAUX;1;0;South America;
Carlos SANCHEZ;Elche CF;Spain;Colombia;FAUX;Carlo COSTLY;FAUX;0;0;South America;
Cristian ZAPATA;AC Milan;Italy;Colombia;FAUX;Clint DEMPSEY;FAUX;0;0;South America;
David OSPINA;OGC Nice;France;Colombia;FAUX;Daniel STURRIDGE;FAUX;0;0;South America;
Alexander MEJIA;Atletico Nacional;Colombia;Colombia;VRAI;Aleksandr KERZHAKOV;FAUX;1;0;South America;
Santiago ARIAS;PSV Eindhoven;Netherlands;Colombia;FAUX;Robin VAN PERSIE;FAUX;0;0;South America;
Eder BALANTA;CA River Plate;Argentina;Colombia;FAUX;Dries MERTENS;FAUX;0;0;South America;
Juan QUINTERO;FC Porto;Portugal;Colombia;FAUX;Juan QUINTERO;VRAI;0;1;South America;
Camilo VARGAS;Independiente Santa Fe;Colombia;Colombia;VRAI;Bryan RUIZ;FAUX;1;0;South America;
Marcos URENA;Kuban Krasnodar;Russia;Costa Rica;FAUX;Marcos URENA;VRAI;0;1;North America;
Joel CAMPBELL;Olympiacos Piraeus FC;Greece;Costa Rica;FAUX;Joel CAMPBELL;VRAI;0;1;North America;
Celso BORGES;AIK Solna;Sweden;Costa Rica;FAUX;Carlo COSTLY;FAUX;0;0;North America;
Bryan RUIZ;PSV Eindhoven;Netherlands;Costa Rica;FAUX;Bryan RUIZ;VRAI;0;1;North America;
Randall BRENES;CSD Cartagines;Costa Rica;Costa Rica;VRAI;Rafik HALLICHE;FAUX;1;0;North America;
Diego CALVO;Valerenga IF;Norway;Costa Rica;FAUX;David VILLA;FAUX;0;0;North America;
Michael BARRANTES;Aalesunds FK;Norway;Costa Rica;FAUX;Memphis DEPAY;FAUX;0;0;North America;
Giancarlo GONZALEZ;Columbus Crew;USA;Costa Rica;FAUX;GERVINHO;FAUX;0;0;North America;
Jose CUBERO;CS Herediano;Costa Rica;Costa Rica;VRAI;Jorge VALDIVIA;FAUX;1;0;North America;
Heiner MORA;Deportivo Saprissa;Costa Rica;Costa Rica;VRAI;Haris SEFEROVIC;FAUX;1;0;North America;
Cristian GAMBOA;Rosenborg BK;Norway;Costa Rica;FAUX;Clint DEMPSEY;FAUX;0;0;North America;
Johnny ACOSTA;LD Alajuelense;Costa Rica;Costa Rica;VRAI;John BROOKS;FAUX;1;0;North America;
Christian BOLANOS;FC Kobenhavn;Denmark;Costa Rica;FAUX;Charles ARANGUIZ;FAUX;0;0;North America;
Roy MILLER;New York Red Bulls;USA;Costa Rica;FAUX;Robin VAN PERSIE;FAUX;0;0;North America;
Junior DIAZ;FSV Mainz 05;Germany;Costa Rica;FAUX;Juan QUINTERO;FAUX;0;0;North America;
Michael UMANA;Deportivo Saprissa;Costa Rica;Costa Rica;VRAI;Memphis DEPAY;FAUX;1;0;North America;
Patrick PEMBERTON;LD Alajuelense;Costa Rica;Costa Rica;VRAI;Pablo ARMERO;FAUX;1;0;North America;
Oscar GRANADOS;CS Herediano;Costa Rica;Costa Rica;VRAI;Oscar DUARTE;FAUX;1;0;North America;
Daniel CAMBRONERO;CS Herediano;Costa Rica;Costa Rica;VRAI;Clint DEMPSEY;FAUX;1;0;North America;
Keylor NAVAS;Levante UD;Spain;Costa Rica;FAUX;Keisuke HONDA;FAUX;0;0;North America;
Oscar DUARTE;Club Brugge KV;Belgium;Costa Rica;FAUX;Oscar DUARTE;VRAI;0;1;North America;
Waylon FRANCIS;Columbus Crew;USA;Costa Rica;FAUX;Vedad IBISEVIC;FAUX;0;0;North America;
Yeltsin TEJEDA;Deportivo Saprissa;Costa Rica;Costa Rica;VRAI;Yacine BRAHIMI;FAUX;1;0;North America;
EDUARDO;Shakhtar Donetsk;Ukraine;Croatia;FAUX;Edinson CAVANI;FAUX;0;0;Europe;
Mario MANDZUKIC;FC Bayern Muenchen;Germany;Croatia;FAUX;Mario MANDZUKIC;VRAI;0;2;Europe;
Ante REBIC;ACF Fiorentina;Italy;Croatia;FAUX;Andres GUARDADO;FAUX;0;0;Europe;
Ivica OLIC;VfL Wolfsburg;Germany;Croatia;FAUX;Ivica OLIC;VRAI;0;1;Europe;
Darijo SRNA;Shakhtar Donetsk;Ukraine;Croatia;FAUX;Daniel STURRIDGE;FAUX;0;0;Europe;
Nikica JELAVIC;Hull City FC;England;Croatia;FAUX;NEYMAR;FAUX;0;0;Europe;
Ivan RAKITIC;Sevilla FC;Spain;Croatia;FAUX;Ivan PERISIC;FAUX;0;0;Europe;
Luka MODRIC;Real Madrid CF;Spain;Croatia;FAUX;Luis SUAREZ;FAUX;0;0;Europe;
Ivan PERISIC;VfL Wolfsburg;Germany;Croatia;FAUX;Ivan PERISIC;VRAI;0;2;Europe;
Dejan LOVREN;Southampton FC;England;Croatia;FAUX;David VILLA;FAUX;0;0;Europe;
Ognjen VUKOJEVIC;FC Dynamo Kyiv;Ukraine;Croatia;FAUX;NEYMAR;FAUX;0;0;Europe;
Vedran CORLUKA;FC Lokomotiv Moscow;Russia;Croatia;FAUX;Vedad IBISEVIC;FAUX;0;0;Europe;
Domagoj VIDA;FC Dynamo Kyiv;Ukraine;Croatia;FAUX;Divock ORIGI;FAUX;0;0;Europe;
Stipe PLETIKOSA;FC Rostov;Russia;Croatia;FAUX;Stefan DE VRIJ;FAUX;0;0;Europe;
Danijel PRANJIC;Panathinaikos FC;Greece;Croatia;FAUX;Daniel STURRIDGE;FAUX;0;0;Europe;
Gordon SCHILDENFELD;Panathinaikos FC;Greece;Croatia;FAUX;GERVINHO;FAUX;0;0;Europe;
Danijel SUBASIC;AS Monaco;France;Croatia;FAUX;Daniel STURRIDGE;FAUX;0;0;Europe;
SAMMIR;Getafe CF;Spain;Croatia;FAUX;Robin VAN PERSIE;FAUX;0;0;Europe;
Sime VRSALJKO;Genoa CFC;Italy;Croatia;FAUX;Shinji OKAZAKI;FAUX;0;0;Europe;
Mateo KOVACIC;FC Internazionale;Italy;Croatia;FAUX;Marouane FELLAINI;FAUX;0;0;Europe;
Oliver ZELENIKA;NK Lokomotiva Zagreb;Croatia;Croatia;VRAI;NEYMAR;FAUX;1;0;Europe;
Ivan MOCINIC;HNK Rijeka;Croatia;Croatia;VRAI;Islam SLIMANI;FAUX;1;0;Europe;
Marcelo BROZOVIC;GNK Dinamo Zagreb;Croatia;Croatia;VRAI;Luis SUAREZ;FAUX;1;0;Europe;
Enner VALENCIA;CF Pachuca;Mexico;Ecuador;FAUX;Enner VALENCIA;VRAI;0;3;South America;
Felipe CAICEDO;Al Jazira SCC;United Arab Emirates;Ecuador;FAUX;Enner VALENCIA;FAUX;0;0;South America;
Jaimen AYOVI;Club Tijuana;Mexico;Ecuador;FAUX;Jackson MARTINEZ;FAUX;0;0;South America;
Fidel MARTINEZ;Club Tijuana;Mexico;Ecuador;FAUX;Fernando TORRES;FAUX;0;0;South America;
Jefferson MONTERO;CA Monarcas Morelia;Mexico;Ecuador;FAUX;Jean BEAUSEJOUR;FAUX;0;0;South America;
Edison MENDEZ;Independiente Santa Fe;Colombia;Ecuador;FAUX;Edinson CAVANI;FAUX;0;0;South America;
Antonio VALENCIA;Manchester United FC;England;Ecuador;FAUX;Andres GUARDADO;FAUX;0;0;South America;
Oswaldo MINDA;CD Chivas;USA;Ecuador;FAUX;Oscar DUARTE;FAUX;0;0;South America;
Michael ARROYO;Atlante FC;Mexico;Ecuador;FAUX;Memphis DEPAY;FAUX;0;0;South America;
Walter AYOVI;CF Pachuca;Mexico;Ecuador;FAUX;Vedad IBISEVIC;FAUX;0;0;South America;
Joao ROJAS;Cruz Azul FC;Mexico;Ecuador;FAUX;Jermaine JONES;FAUX;0;0;South America;
Cristhian NOBOA;FC Dynamo Moscow;Russia;Ecuador;FAUX;Clint DEMPSEY;FAUX;0;0;South America;
Jorge GUAGUA;CS Emelec;Ecuador;Ecuador;VRAI;John BROOKS;FAUX;1;0;South America;
Frickson ERAZO;CR Flamengo;Brazil;Ecuador;FAUX;FRED;FAUX;0;0;South America;
Oscar BAGUI;CS Emelec;Ecuador;Ecuador;VRAI;OSCAR;FAUX;1;0;South America;
Luis SARITAMA;Barcelona SC;Ecuador;Ecuador;VRAI;Lionel MESSI;FAUX;1;0;South America;
Gabriel ACHILIER;CS Emelec;Ecuador;Ecuador;VRAI;FRED;FAUX;1;0;South America;
Maximo BANGUERA;Barcelona SC;Ecuador;Ecuador;VRAI;Mats HUMMELS;FAUX;1;0;South America;
Alexander DOMINGUEZ;LDU Quito;Ecuador;Ecuador;VRAI;Aleksandr KERZHAKOV;FAUX;1;0;South America;
Juan PAREDES;Barcelona SC;Ecuador;Ecuador;VRAI;Juan MATA;FAUX;1;0;South America;
Adrian BONE;CD El Nacional;Ecuador;Ecuador;VRAI;Admir MEHMEDI;FAUX;1;0;South America;
Alex IBARRA;Vitesse Arnheim;Netherlands;Ecuador;FAUX;Aleksandr KERZHAKOV;FAUX;0;0;South America;
Carlos GRUEZO;VfB Stuttgart;Germany;Ecuador;FAUX;Carlo COSTLY;FAUX;0;0;South America;
Rickie LAMBERT;Southampton FC;England;England;VRAI;Rafik HALLICHE;FAUX;1;0;Europe;
Wayne ROONEY;Manchester United FC;England;England;VRAI;Wayne ROONEY;VRAI;1;1;Europe;
Danny WELBECK;Manchester United FC;England;England;VRAI;Daniel STURRIDGE;FAUX;1;0;Europe;
Daniel STURRIDGE;Liverpool FC;England;England;VRAI;Daniel STURRIDGE;VRAI;1;1;Europe;
Frank LAMPARD;Chelsea FC;England;England;VRAI;Fernando TORRES;FAUX;1;0;Europe;
Alex OXLADE CHAMBERLAIN;Arsenal FC;England;England;VRAI;Aleksandr KERZHAKOV;FAUX;1;0;Europe;
Steven GERRARD;Liverpool FC;England;England;VRAI;Stefan DE VRIJ;FAUX;1;0;Europe;
Gary CAHILL;Chelsea FC;England;England;VRAI;FRED;FAUX;1;0;Europe;
Phil JAGIELKA;Everton FC;England;England;VRAI;Peter ODEMWINGIE;FAUX;1;0;Europe;
Leighton BAINES;Everton FC;England;England;VRAI;LEE Keunho;FAUX;1;0;Europe;
James MILNER;Manchester City FC;England;England;VRAI;Jackson MARTINEZ;FAUX;1;0;Europe;
Glen JOHNSON;Liverpool FC;England;England;VRAI;GERVINHO;FAUX;1;0;Europe;
Ben FOSTER;West Bromwich Albion FC;England;England;VRAI;Asamoah GYAN;FAUX;1;0;Europe;
Joe HART;Manchester City FC;England;England;VRAI;Jermaine JONES;FAUX;1;0;Europe;
Fraser FORSTER;Celtic FC;Scotland;England;FAUX;Fernando TORRES;FAUX;0;0;Europe;
Adam LALLANA;Southampton FC;England;England;VRAI;Abdelmoumene DJABOU;FAUX;1;0;Europe;
Chris SMALLING;Manchester United FC;England;England;VRAI;Charles ARANGUIZ;FAUX;1;0;Europe;
Jordan HENDERSON;Liverpool FC;England;England;VRAI;John BROOKS;FAUX;1;0;Europe;
Phil JONES;Manchester United FC;England;England;VRAI;Peter ODEMWINGIE;FAUX;1;0;Europe;
Jack WILSHERE;Arsenal FC;England;England;VRAI;Ivica OLIC;FAUX;1;0;Europe;
Ross BARKLEY;Everton FC;England;England;VRAI;Robin VAN PERSIE;FAUX;1;0;Europe;
Raheem STERLING;Liverpool FC;England;England;VRAI;Rafik HALLICHE;FAUX;1;0;Europe;
Luke SHAW;Southampton FC;England;England;VRAI;Luis SUAREZ;FAUX;1;0;Europe;
Antoine GRIEZMANN;Real Sociedad;Spain;France;FAUX;Andres GUARDADO;FAUX;0;0;Europe;
Karim BENZEMA;Real Madrid CF;Spain;France;FAUX;Karim BENZEMA;VRAI;0;3;Europe;
Olivier GIROUD;Arsenal FC;England;France;FAUX;Olivier GIROUD;VRAI;0;1;Europe;
Loic REMY;Newcastle United FC;England;France;FAUX;Lionel MESSI;FAUX;0;0;Europe;
Paul POGBA;Juventus FC;Italy;France;FAUX;Pablo ARMERO;FAUX;0;0;Europe;
Remy Cabella;Montpellier HSC;France;France;VRAI;Rafik HALLICHE;FAUX;1;0;Europe;
Mathieu VALBUENA;Olympique Marseille;France;France;VRAI;Mathieu VALBUENA;VRAI;1;1;Europe;
Mamadou SAKHO;Liverpool FC;England;France;FAUX;Luis SUAREZ;FAUX;0;0;Europe;
Mathieu DEBUCHY;Newcastle United FC;England;France;FAUX;Marouane FELLAINI;FAUX;0;0;Europe;
Yohan CABAYE;Paris Saint-Germain FC;France;France;VRAI;Yacine BRAHIMI;FAUX;1;0;Europe;
Blaise MATUIDI;Paris Saint-Germain FC;France;France;VRAI;Blaise MATUIDI;VRAI;1;1;Europe;
Mickael LANDREAU;SC Bastia;France;France;VRAI;Memphis DEPAY;FAUX;1;0;Europe;
Patrice EVRA;Manchester United FC;England;France;FAUX;Pablo ARMERO;FAUX;0;0;Europe;
Bacary SAGNA;Arsenal FC;England;France;FAUX;Asamoah GYAN;FAUX;0;0;Europe;
Rio MAVUBA;Lille OSC;France;France;VRAI;Rafik HALLICHE;FAUX;1;0;Europe;
Laurent KOSCIELNY;Arsenal FC;England;France;FAUX;KOO Jacheol;FAUX;0;0;Europe;
Stephane RUFFIER;AS Saint-Etienne;France;France;VRAI;Stefan DE VRIJ;FAUX;1;0;Europe;
Hugo LLORIS;Tottenham Hotspur FC;England;France;FAUX;Haris SEFEROVIC;FAUX;0;0;Europe;
Moussa SISSOKO;Newcastle United FC;England;France;FAUX;Moussa SISSOKO;VRAI;0;1;Europe;
Eliaquim MANGALA;FC Porto;Portugal;France;FAUX;Eduardo VARGAS;FAUX;0;0;Europe;
Raphael VARANE;Real Madrid CF;Spain;France;FAUX;Rafik HALLICHE;FAUX;0;0;Europe;
Lucas DIGNE;Paris Saint-Germain FC;France;France;VRAI;Lionel MESSI;FAUX;1;0;Europe;
Miroslav KLOSE;SS Lazio;Italy;Germany;FAUX;Miroslav KLOSE;VRAI;0;1;Europe;
Lukas PODOLSKI;Arsenal FC;England;Germany;FAUX;Luis SUAREZ;FAUX;0;0;Europe;
Andre SCHUERRLE;Chelsea FC;England;Germany;FAUX;Andre AYEW;FAUX;0;0;Europe;
Thomas MUELLER;FC Bayern Muenchen;Germany;Germany;VRAI;Thomas MUELLER;VRAI;1;3;Europe;
Shkodran MUSTAFI;UC Sampdoria;Italy;Germany;FAUX;Shinji OKAZAKI;FAUX;0;0;Europe;
Mesut OEZIL;Arsenal FC;England;Germany;FAUX;Memphis DEPAY;FAUX;0;0;Europe;
Mario GOETZE;FC Bayern Muenchen;Germany;Germany;VRAI;Mario GOETZE;VRAI;1;1;Europe;
Bastian SCHWEINSTEIGER;FC Bayern Muenchen;Germany;Germany;VRAI;Asamoah GYAN;FAUX;1;0;Europe;
Toni KROOS;FC Bayern Muenchen;Germany;Germany;VRAI;Tim CAHILL;FAUX;1;0;Europe;
Julian DRAXLER;FC Schalke 04;Germany;Germany;VRAI;Juan QUINTERO;FAUX;1;0;Europe;
Sami KHEDIRA;Real Madrid CF;Spain;Germany;FAUX;Robin VAN PERSIE;FAUX;0;0;Europe;
Mats HUMMELS;Borussia Dortmund;Germany;Germany;VRAI;Mats HUMMELS;VRAI;1;1;Europe;
Benedikt HOEWEDES;FC Schalke 04;Germany;Germany;VRAI;Asamoah GYAN;FAUX;1;0;Europe;
Philipp LAHM;FC Bayern Muenchen;Germany;Germany;VRAI;Peter ODEMWINGIE;FAUX;1;0;Europe;
Per MERTESACKER;Arsenal FC;England;Germany;FAUX;Pablo ARMERO;FAUX;0;0;Europe;
Roman WEIDENFELLER;Borussia Dortmund;Germany;Germany;VRAI;Robin VAN PERSIE;FAUX;1;0;Europe;
Manuel NEUER;FC Bayern Muenchen;Germany;Germany;VRAI;Luis SUAREZ;FAUX;1;0;Europe;
Jerome BOATENG;FC Bayern Muenchen;Germany;Germany;VRAI;Jermaine JONES;FAUX;1;0;Europe;
Ron-Robert ZIELER;Hannover 96;Germany;Germany;VRAI;Robin VAN PERSIE;FAUX;1;0;Europe;
Kevin GROSSKREUTZ;Borussia Dortmund;Germany;Germany;VRAI;Keisuke HONDA;FAUX;1;0;Europe;
Christoph KRAMER;Borussia Moenchengladbach;Germany;Germany;VRAI;Charles ARANGUIZ;FAUX;1;0;Europe;
Erik DURM;Borussia Dortmund;Germany;Germany;VRAI;Enner VALENCIA;FAUX;1;0;Europe;
Matthias GINTER;SC Freiburg;Germany;Germany;VRAI;Mats HUMMELS;FAUX;1;0;Europe;
Asamoah GYAN;Al Ain FC;United Arab Emirates;Ghana;FAUX;Asamoah GYAN;VRAI;0;1;Africa;
Mubarak WAKASO;FC Rubin Kazan;Russia;Ghana;FAUX;Moussa SISSOKO;FAUX;0;0;Africa;
Sulley MUNTARI;AC Milan;Italy;Ghana;FAUX;Stefan DE VRIJ;FAUX;0;0;Africa;
Majeed WARIS;Valenciennes FC;France;Ghana;FAUX;Luis SUAREZ;FAUX;0;0;Africa;
Acquah AFRIYIE;Parma FC;Italy;Ghana;FAUX;Abdelmoumene DJABOU;FAUX;0;0;Africa;
Christian ATSU;Vitesse Arnheim;Netherlands;Ghana;FAUX;Charles ARANGUIZ;FAUX;0;0;Africa;
Kevin Prince BOATENG;FC Schalke 04;Germany;Ghana;FAUX;Keisuke HONDA;FAUX;0;0;Africa;
Jordan AYEW;FC Sochaux-Montbliard;France;Ghana;FAUX;John BROOKS;FAUX;0;0;Africa;
Michael ESSIEN;AC Milan;Italy;Ghana;FAUX;Memphis DEPAY;FAUX;0;0;Africa;
Emmanuel AGYEMANG BADU;Udinese Calcio;Italy;Ghana;FAUX;Eduardo VARGAS;FAUX;0;0;Africa;
John BOYE;Stade Rennais FC;France;Ghana;FAUX;Joel MATIP;FAUX;0;0;Africa;
Andre AYEW;Olympique Marseille;France;Ghana;FAUX;Andre AYEW;VRAI;0;2;Africa;
Albert ADOMAH;Middlesbrough FC;England;Ghana;FAUX;Admir MEHMEDI;FAUX;0;0;Africa;
Kwadwo ASAMOAH;Juventus FC;Italy;Ghana;FAUX;KOO Jacheol;FAUX;0;0;Africa;
Jonathan MENSAH;Evian TG FC;France;Ghana;FAUX;John BROOKS;FAUX;0;0;Africa;
Samuel INKOOM;FC Platanias;Greece;Ghana;FAUX;Robin VAN PERSIE;FAUX;0;0;Africa;
Fatawu DAUDA;Orlando Pirates;South Africa;Ghana;FAUX;Enner VALENCIA;FAUX;0;0;Africa;
Harrison AFFUL;Esperance Sportive de Tunis;Tunisia;Ghana;FAUX;Haris SEFEROVIC;FAUX;0;0;Africa;
Adam KWARASEY;Stromsgodset IF;Norway;Ghana;FAUX;Abdelmoumene DJABOU;FAUX;0;0;Africa;
Mohammed RABIU;Kuban Krasnodar;Russia;Ghana;FAUX;Miroslav KLOSE;FAUX;0;0;Africa;
Stephen ADAMS;Aduana Stars;Ghana;Ghana;VRAI;Stefan DE VRIJ;FAUX;1;0;Africa;
Daniel OPARE;Standard Liege;Belgium;Ghana;FAUX;Clint DEMPSEY;FAUX;0;0;Africa;
Rashid SUMAILA;Mamelodi Sundowns FC;South Africa;Ghana;FAUX;Rafik HALLICHE;FAUX;0;0;Africa;
Theofanis GEKAS;Konyaspor;Turkey;Greece;FAUX;Teofilo GUTIERREZ;FAUX;0;0;Europe;
Konstantinos MITROGLOU;Fulham FC;England;Greece;FAUX;Keisuke HONDA;FAUX;0;0;Europe;
Dimitrios SALPINGIDIS;PAOK FC;Greece;Greece;VRAI;Diego GODIN;FAUX;1;0;Europe;
Ioannis FETFATZIDIS;Genoa CFC;Italy;Greece;FAUX;Haris SEFEROVIC;FAUX;0;0;Europe;
Georgios SAMARAS;Celtic FC;Scotland;Greece;FAUX;Georgios SAMARAS;VRAI;0;1;Europe;
Vasileios TOROSIDIS;AS Roma;Italy;Greece;FAUX;VARELA;FAUX;0;0;Europe;
Konstantinos KATSOURANIS;PAOK FC;Greece;Greece;VRAI;Keisuke HONDA;FAUX;1;0;Europe;
Georgios KARAGOUNIS;Fulham FC;England;Greece;FAUX;FRED;FAUX;0;0;Europe;
Lazaros CHRISTODOULOPOULOS;Bologna FC;Italy;Greece;FAUX;KOO Jacheol;FAUX;0;0;Europe;
Jose CHOLEVAS;Olympiacos Piraeus FC;Greece;Greece;VRAI;Jorge VALDIVIA;FAUX;1;0;Europe;
Alexandros TZIOLIS;Kayserispor;Turkey;Greece;FAUX;Aleksandr KERZHAKOV;FAUX;0;0;Europe;
Loukas VYNTRA;Levante UD;Spain;Greece;FAUX;Lionel MESSI;FAUX;0;0;Europe;
Vangelis MORAS;Hellas Verona FC;Italy;Greece;FAUX;Tim CAHILL;FAUX;0;0;Europe;
Orestis KARNEZIS;Granada CF;Spain;Greece;FAUX;Olivier GIROUD;FAUX;0;0;Europe;
Panagiotis GLYKOS;PAOK FC;Greece;Greece;VRAI;Pablo ARMERO;FAUX;1;0;Europe;
Ioannis MANIATIS;Olympiacos Piraeus FC;Greece;Greece;VRAI;Haris SEFEROVIC;FAUX;1;0;Europe;
Sokratis PAPASTATHOPOULOS;Borussia Dortmund;Germany;Greece;FAUX;Sofiane FEGHOULI;FAUX;0;0;Europe;
Panagiotis KONE;Bologna FC;Italy;Greece;FAUX;Pablo ARMERO;FAUX;0;0;Europe;
Georgios TZAVELAS;PAOK FC;Greece;Greece;VRAI;Georgios SAMARAS;FAUX;1;0;Europe;
Andreas SAMARIS;Olympiacos Piraeus FC;Greece;Greece;VRAI;Andreas SAMARIS;VRAI;1;1;Europe;
Panagiotis TACHTSIDIS;Torino FC;Italy;Greece;FAUX;Pablo ARMERO;FAUX;0;0;Europe;
Konstantinos MANOLAS;Olympiacos Piraeus FC;Greece;Greece;VRAI;Keisuke HONDA;FAUX;1;0;Europe;
Stefanos KAPINO;Panathinaikos FC;Greece;Greece;VRAI;Stefan DE VRIJ;FAUX;1;0;Europe;
Carlo COSTLY;Real Espana;Honduras;Honduras;VRAI;Carlo COSTLY;VRAI;1;1;North America;
Jerry BENGTSON;New England Revolution;USA;Honduras;FAUX;Jermaine JONES;FAUX;0;0;North America;
Jerry PALACIOS;LD Alajuelense;Costa Rica;Honduras;FAUX;Jermaine JONES;FAUX;0;0;North America;
Rony MARTINEZ;CD Real Sociedad;Honduras;Honduras;VRAI;Robin VAN PERSIE;FAUX;1;0;North America;
Marvin CHAVEZ;CD Chivas USA;USA;Honduras;FAUX;Marouane FELLAINI;FAUX;0;0;North America;
Roger ESPINOZA;Wigan Athletic FC;England;Honduras;FAUX;Robin VAN PERSIE;FAUX;0;0;North America;
Juan MONTES;CD Motagua;Honduras;Honduras;VRAI;Juan MATA;FAUX;1;0;North America;
Mario MARTINEZ;Real Espana;Honduras;Honduras;VRAI;Mario MANDZUKIC;FAUX;1;0;North America;
Jorge CLAROS;CD Motagua;Honduras;Honduras;VRAI;John BROOKS;FAUX;1;0;North America;
Andy NAJAR;RSC Anderlecht;Belgium;Honduras;FAUX;Andres GUARDADO;FAUX;0;0;North America;
Wilson PALACIOS;Stoke City FC;England;Honduras;FAUX;Wilfried BONY;FAUX;0;0;North America;
Brayan BECKELES;CD Olimpia;Honduras;Honduras;VRAI;Blerim DZEMAILI;FAUX;1;0;North America;
Victor BERNARDEZ;San Jose Earthquakes;USA;Honduras;FAUX;Vedad IBISEVIC;FAUX;0;0;North America;
Maynor FIGUEROA;Hull City FC;England;Honduras;FAUX;Mats HUMMELS;FAUX;0;0;North America;
Juan Carlos GARCIA;Wigan Athletic FC;England;Honduras;FAUX;Jorge VALDIVIA;FAUX;0;0;North America;
Boniek GARCIA;Houston Dynamo;USA;Honduras;FAUX;Blerim DZEMAILI;FAUX;0;0;North America;
Emilio IZAGUIRRE;Celtic FC;Scotland;Honduras;FAUX;Eduardo VARGAS;FAUX;0;0;North America;
Noel VALLADARES;CD Olimpia;Honduras;Honduras;VRAI;NEYMAR;FAUX;1;0;North America;
Donis ESCOBER;CD Olimpia;Honduras;Honduras;VRAI;Divock ORIGI;FAUX;1;0;North America;
Osman CHAVEZ;Qingdao Jonoon FC;China;Honduras;FAUX;Oscar DUARTE;FAUX;0;0;North America;
Edder DELGADO;Real Espana;Honduras;Honduras;VRAI;Dries MERTENS;FAUX;1;0;North America;
Luis GARRIDO;CD Olimpia;Honduras;Honduras;VRAI;Lionel MESSI;FAUX;1;0;North America;
Luis LOPEZ;Real Espana;Honduras;Honduras;VRAI;Lionel MESSI;FAUX;1;0;North America;
Reza GHOOCHANNEJAD;Charlton Athletic FC;England;Iran;FAUX;Rafik HALLICHE;FAUX;0;0;Asia;
Ashkan DEJAGAH;Fulham FC;England;Iran;FAUX;Asamoah GYAN;FAUX;0;0;Asia;
Javad NEKOUNAM;Kuwait SC;Kuwait;Iran;FAUX;James RODRIGUEZ;FAUX;0;0;Asia;
Karim ANSARI FARD;Tractor Sazi Tabriz FC;Iran;Iran;VRAI;Juan QUINTERO;FAUX;1;0;Asia;
Alireza JAHAN BAKHSH;NEC Nijmegen;Netherlands;Iran;FAUX;Alexis SANCHEZ;FAUX;0;0;Asia;
Ahmad ALNAMEH;Naft Tehran FC;Iran;Iran;VRAI;Admir MEHMEDI;FAUX;1;0;Asia;
Andranik TIMOTIAN;Esteghlal Tehran FC;Iran;Iran;VRAI;Alexis SANCHEZ;FAUX;1;0;Asia;
Masoud SHOJAEI;UD Las Palmas;Spain;Iran;FAUX;Marouane FELLAINI;FAUX;0;0;Asia;
Jalal HOSSEINI;Perspolis FC;Iran;Iran;VRAI;Jackson MARTINEZ;FAUX;1;0;Asia;
Amirhossein SADEGHI;Esteghlal Tehran FC;Iran;Iran;VRAI;Alexis SANCHEZ;FAUX;1;0;Asia;
Hashem BEIKZADEH;Esteghlal Tehran FC;Iran;Iran;VRAI;Haris SEFEROVIC;FAUX;1;0;Asia;
Pejman MONTAZERI;Umm Salal SC;Qatar;Iran;FAUX;Pablo ARMERO;FAUX;0;0;Asia;
Ehsan HAJI SAFI;Sepahan FC;Iran;Iran;VRAI;Eduardo VARGAS;FAUX;1;0;Asia;
Rahman AHMADI;Sepahan FC;Iran;Iran;VRAI;Rafik HALLICHE;FAUX;1;0;Asia;
Ghasem HADADIFAR;Zob Ahan Isfahan FC;Iran;Iran;VRAI;GERVINHO;FAUX;1;0;Asia;
Khosro HEYDARI;Esteghlal Tehran FC;Iran;Iran;VRAI;Keisuke HONDA;FAUX;1;0;Asia;
Hossein MAHINI;Perspolis FC;Iran;Iran;VRAI;Haris SEFEROVIC;FAUX;1;0;Asia;
Mehrdad POOLADI;Perspolis FC;Iran;Iran;VRAI;Mats HUMMELS;FAUX;1;0;Asia;
Steven BEITASHOUR;Vancouver Whitecaps FC;Canada;Iran;FAUX;Stefan DE VRIJ;FAUX;0;0;Asia;
Alireza HAGHIGHI;Sporting Covilha;Portugal;Iran;FAUX;Alexis SANCHEZ;FAUX;0;0;Asia;
Daniel DAVARI;Eintracht Braunschweig;Germany;Iran;FAUX;Clint DEMPSEY;FAUX;0;0;Asia;
Reza HAGHIGHI;Perspolis FC;Iran;Iran;VRAI;Rafik HALLICHE;FAUX;1;0;Asia;
Bakhtiar RAHMANI;Foolad Khuzestan FC;Iran;Iran;VRAI;Asamoah GYAN;FAUX;1;0;Asia;
Mario BALOTELLI;AC Milan;Italy;Italy;VRAI;Mario BALOTELLI;VRAI;1;1;Europe;
Antonio CASSANO;Parma FC;Italy;Italy;VRAI;Andres GUARDADO;FAUX;1;0;Europe;
Lorenzo INSIGNE;SSC Napoli;Italy;Italy;VRAI;Lionel MESSI;FAUX;1;0;Europe;
Marco VERRATTI;Paris Saint-Germain FC;France;Italy;FAUX;Luis SUAREZ;FAUX;0;0;Europe;
Daniele DE ROSSI;AS Roma;Italy;Italy;VRAI;Daniel STURRIDGE;FAUX;1;0;Europe;
Alberto AQUILANI;ACF Fiorentina;Italy;Italy;VRAI;Admir MEHMEDI;FAUX;1;0;Europe;
Andrea PIRLO;Juventus FC;Italy;Italy;VRAI;Andre AYEW;FAUX;1;0;Europe;
Giorgio CHIELLINI;Juventus FC;Italy;Italy;VRAI;GERVINHO;FAUX;1;0;Europe;
Leonardo BONUCCI;Juventus FC;Italy;Italy;VRAI;LEE Keunho;FAUX;1;0;Europe;
Ignazio ABATE;AC Milan;Italy;Italy;VRAI;Haris SEFEROVIC;FAUX;1;0;Europe;
Claudio MARCHISIO;Juventus FC;Italy;Italy;VRAI;Claudio MARCHISIO;VRAI;1;1;Europe;
THIAGO MOTTA;Paris Saint-Germain FC;France;Italy;FAUX;Teofilo GUTIERREZ;FAUX;0;0;Europe;
Gianluigi BUFFON;Juventus FC;Italy;Italy;VRAI;GERVINHO;FAUX;1;0;Europe;
Andrea BARZAGLI;Juventus FC;Italy;Italy;VRAI;Andre AYEW;FAUX;1;0;Europe;
Marco PAROLO;Parma FC;Italy;Italy;VRAI;Luis SUAREZ;FAUX;1;0;Europe;
Gabriel PALETTA;Parma FC;Italy;Italy;VRAI;FRED;FAUX;1;0;Europe;
Salvatore SIRIGU;Paris Saint-Germain FC;France;Italy;FAUX;Robin VAN PERSIE;FAUX;0;0;Europe;
Antonio CANDREVA;SS Lazio;Italy;Italy;VRAI;Andres GUARDADO;FAUX;1;0;Europe;
Alessio CERCI;Torino FC;Italy;Italy;VRAI;Aleksandr KERZHAKOV;FAUX;1;0;Europe;
Ciro IMMOBILE;Torino FC;Italy;Italy;VRAI;Charles ARANGUIZ;FAUX;1;0;Europe;
Matteo DARMIAN;Torino FC;Italy;Italy;VRAI;Mats HUMMELS;FAUX;1;0;Europe;
Mattia DE SCIGLIO;AC Milan;Italy;Italy;VRAI;Mats HUMMELS;FAUX;1;0;Europe;
Mattia PERIN;Genoa CFC;Italy;Italy;VRAI;Mats HUMMELS;FAUX;1;0;Europe;
Didier DROGBA;Galatasaray SK;Turkey;Ivory Coast;FAUX;David VILLA;FAUX;0;0;Africa;
Wilfried BONY;Swansea City AFC;England;Ivory Coast;FAUX;Wilfried BONY;VRAI;0;2;Africa;
Salomon KALOU;Lille OSC;France;Ivory Coast;FAUX;Robin VAN PERSIE;FAUX;0;0;Africa;
Konan YA;Hannover 96;Germany;Ivory Coast;FAUX;Keisuke HONDA;FAUX;0;0;Africa;
GERVINHO;AS Roma;Italy;Ivory Coast;FAUX;GERVINHO;VRAI;0;2;Africa;
Yaya TOURE;Manchester City FC;England;Ivory Coast;FAUX;Yacine BRAHIMI;FAUX;0;0;Africa;
Max GRADEL;AS Saint-Etienne;France;Ivory Coast;FAUX;Mats HUMMELS;FAUX;0;0;Africa;
Kolo TOURE;Liverpool FC;England;Ivory Coast;FAUX;Keisuke HONDA;FAUX;0;0;Africa;
Souleymane BAMBA;Trabzonspor;Turkey;Ivory Coast;FAUX;SON Heungmin;FAUX;0;0;Africa;
Ismael TIOTE;Newcastle United FC;England;Ivory Coast;FAUX;Islam SLIMANI;FAUX;0;0;Africa;
Arthur BOKA;VfB Stuttgart;Germany;Ivory Coast;FAUX;Arjen ROBBEN;FAUX;0;0;Africa;
Didier ZOKORA;Trabzonspor;Turkey;Ivory Coast;FAUX;David VILLA;FAUX;0;0;Africa;
Boubacar BARRY;KSC Lokeren;Belgium;Ivory Coast;FAUX;Blerim DZEMAILI;FAUX;0;0;Africa;
Die SEREY;FC Basel;Switzerland;Ivory Coast;FAUX;David VILLA;FAUX;0;0;Africa;
Ousmane DIARRASSOUBA;Caykur Rizespor;Turkey;Ivory Coast;FAUX;Oscar DUARTE;FAUX;0;0;Africa;
Constant DJAKPA;Eintracht Frankfurt;Germany;Ivory Coast;FAUX;Clint DEMPSEY;FAUX;0;0;Africa;
Sylvain GBOHOUO;Sewe Sport;Ivory Coast;Ivory Coast;VRAI;Stefan DE VRIJ;FAUX;1;0;Africa;
Giovanni SIO;FC Basel;Switzerland;Ivory Coast;FAUX;GERVINHO;FAUX;0;0;Africa;
Mathis BOLLY;Fortuna Duesseldorf;Germany;Ivory Coast;FAUX;Mathieu VALBUENA;FAUX;0;0;Africa;
Sayouba MANDE;Stabaek IF;Norway;Ivory Coast;FAUX;Robin VAN PERSIE;FAUX;0;0;Africa;
Ismael DIOMANDE;AS Saint-Etienne;France;Ivory Coast;FAUX;Islam SLIMANI;FAUX;0;0;Africa;
Jean Daniel AKPA;Toulouse FC;France;Ivory Coast;FAUX;Jean BEAUSEJOUR;FAUX;0;0;Africa;
Serge AURIER;Toulouse FC;France;Ivory Coast;FAUX;Robin VAN PERSIE;FAUX;0;0;Africa;
Shinji OKAZAKI;FSV Mainz 05;Germany;Japan;FAUX;Shinji OKAZAKI;VRAI;0;1;Asia;
Yoichiro KAKITANI;Cerezo Osaka;Japan;Japan;VRAI;Yacine BRAHIMI;FAUX;1;0;Asia;
Yuya OSAKO;TSV 1860 Muenchen;Germany;Japan;FAUX;Yacine BRAHIMI;FAUX;0;0;Asia;
Keisuke HONDA;AC Milan;Italy;Japan;FAUX;Keisuke HONDA;VRAI;0;1;Asia;
Shinji KAGAWA;Manchester United FC;England;Japan;FAUX;Robin VAN PERSIE;FAUX;0;0;Asia;
Manabu SAITO;Yokohama F-Marinos;Japan;Japan;VRAI;Luis SUAREZ;FAUX;1;0;Asia;
Masato MORISHIGE;FC Tokyo;Japan;Japan;VRAI;Marouane FELLAINI;FAUX;1;0;Asia;
Yoshito OKUBO;Kawasaki Frontale;Japan;Japan;VRAI;Yacine BRAHIMI;FAUX;1;0;Asia;
Yasuhito ENDO;Gamba Osaka;Japan;Japan;VRAI;Yacine BRAHIMI;FAUX;1;0;Asia;
Maya YOSHIDA;Southampton FC;England;Japan;FAUX;Mats HUMMELS;FAUX;0;0;Asia;
Masahiko INOHA;Jubilo Iwata;Japan;Japan;VRAI;Marouane FELLAINI;FAUX;1;0;Asia;
Yuto NAGATOMO;FC Internazionale;Italy;Japan;FAUX;Yacine BRAHIMI;FAUX;0;0;Asia;
Hiroshi KIYOTAKE;1. FC Nuernberg;Germany;Japan;FAUX;Haris SEFEROVIC;FAUX;0;0;Asia;
Atsuto UCHIDA;FC Schalke 04;Germany;Japan;FAUX;Asamoah GYAN;FAUX;0;0;Asia;
Makoto HASEBE;1. FC Nuernberg;Germany;Japan;FAUX;Luis SUAREZ;FAUX;0;0;Asia;
Yasuyuki KONNO;Gamba Osaka;Japan;Japan;VRAI;Yacine BRAHIMI;FAUX;1;0;Asia;
Eiji KAWASHIMA;Standard Liege;Belgium;Japan;FAUX;Eduardo VARGAS;FAUX;0;0;Asia;
Shusaku NISHIKAWA;Urawa Red Diamonds;Japan;Japan;VRAI;Shinji OKAZAKI;FAUX;1;0;Asia;
Toshihiro AOYAMA;Sanfrecce Hiroshima;Japan;Japan;VRAI;Tim CAHILL;FAUX;1;0;Asia;
Shuichi GONDA;FC Tokyo;Japan;Japan;VRAI;Shinji OKAZAKI;FAUX;1;0;Asia;
Hiroki SAKAI;Hannover 96;Germany;Japan;FAUX;Haris SEFEROVIC;FAUX;0;0;Asia;
Gotoku SAKAI;VfB Stuttgart;Germany;Japan;FAUX;GERVINHO;FAUX;0;0;Asia;
Hotaru YAMAGUCHI;Cerezo Osaka;Japan;Japan;VRAI;Haris SEFEROVIC;FAUX;1;0;Asia;
Alan PULIDO;Tigres UANL;Mexico;Mexico;VRAI;Admir MEHMEDI;FAUX;1;0;North America;
Javier HERNANDEZ;Manchester United FC;England;Mexico;FAUX;Javier HERNANDEZ;VRAI;0;1;North America;
Oribe PERALTA;Club Santos Laguna;Mexico;Mexico;VRAI;Oribe PERALTA;VRAI;1;1;North America;
Marco FABIAN;Cruz Azul FC;Mexico;Mexico;VRAI;Luis SUAREZ;FAUX;1;0;North America;
Giovani DOS SANTOS;Villarreal CF;Spain;Mexico;FAUX;GERVINHO;FAUX;0;0;North America;
Raul JIMENEZ;Club America;Mexico;Mexico;VRAI;Rafik HALLICHE;FAUX;1;0;North America;
Miguel LAYUN;Club America;Mexico;Mexico;VRAI;Memphis DEPAY;FAUX;1;0;North America;
Andres GUARDADO;Bayer 04 Leverkusen;Germany;Mexico;FAUX;Andres GUARDADO;VRAI;0;1;North America;
Rafael MARQUEZ;Club Leon;Mexico;Mexico;VRAI;Rafael MARQUEZ;VRAI;1;1;North America;
Paul AGUILAR;Club America;Mexico;Mexico;VRAI;Pablo ARMERO;FAUX;1;0;North America;
Carlos SALCIDO;Tigres UANL;Mexico;Mexico;VRAI;Carlo COSTLY;FAUX;1;0;North America;
Carlos PENA;Club Leon;Mexico;Mexico;VRAI;Carlo COSTLY;FAUX;1;0;North America;
Hector MORENO;RCD Espanyol;Spain;Mexico;FAUX;Haris SEFEROVIC;FAUX;0;0;North America;
Francisco RODRIGUEZ;Club America;Mexico;Mexico;VRAI;Fernando TORRES;FAUX;1;0;North America;
Jose CORONA;Cruz Azul FC;Mexico;Mexico;VRAI;Jorge VALDIVIA;FAUX;1;0;North America;
Alfredo TALAVERA;Deportivo Toluca FC;Mexico;Mexico;VRAI;Alexis SANCHEZ;FAUX;1;0;North America;
Guillermo OCHOA;AC Ajaccio;France;Mexico;FAUX;Granit XHAKA;FAUX;0;0;North America;
Jose VAZQUEZ;Club Leon;Mexico;Mexico;VRAI;Jorge VALDIVIA;FAUX;1;0;North America;
Miguel PONCE;Deportivo Toluca FC;Mexico;Mexico;VRAI;Memphis DEPAY;FAUX;1;0;North America;
Hector HERRERA;FC Porto;Portugal;Mexico;FAUX;Haris SEFEROVIC;FAUX;0;0;North America;
Javier AQUINO;Villarreal CF;Spain;Mexico;FAUX;James RODRIGUEZ;FAUX;0;0;North America;
Isaac BRIZUELA;Deportivo Toluca FC;Mexico;Mexico;VRAI;Haris SEFEROVIC;FAUX;1;0;North America;
Diego REYES;FC Porto;Portugal;Mexico;FAUX;Diego GODIN;FAUX;0;0;North America;
Klaas Jan HUNTELAAR;FC Schalke 04;Germany;Netherlands;FAUX;Keisuke HONDA;FAUX;0;0;Europe;
Robin VAN PERSIE;Manchester United FC;England;Netherlands;FAUX;Robin VAN PERSIE;VRAI;0;3;Europe;
Jeremain LENS;FC Dynamo Kyiv;Ukraine;Netherlands;FAUX;Jean BEAUSEJOUR;FAUX;0;0;Europe;
Arjen ROBBEN;FC Bayern Muenchen;Germany;Netherlands;FAUX;Arjen ROBBEN;VRAI;0;3;Europe;
Wesley SNEIJDER;Galatasaray SK;Turkey;Netherlands;FAUX;Wayne ROONEY;FAUX;0;0;Europe;
Georginio WIJNALDUM;PSV Eindhoven;Netherlands;Netherlands;VRAI;FRED;FAUX;1;0;Europe;
Dirk KUYT;Fenerbahce SK;Turkey;Netherlands;FAUX;Diego GODIN;FAUX;0;0;Europe;
Bruno MARTINS INDI;Feyenoord Rotterdam;Netherlands;Netherlands;VRAI;Blerim DZEMAILI;FAUX;1;0;Europe;
Ron VLAAR;Aston Villa FC;England;Netherlands;FAUX;Robin VAN PERSIE;FAUX;0;0;Europe;
Nigel DE JONG;AC Milan;Italy;Netherlands;FAUX;NEYMAR;FAUX;0;0;Europe;
Michel VORM;Swansea City AFC;England;Netherlands;FAUX;Memphis DEPAY;FAUX;0;0;Europe;
Paul VERHAEGH;FC Augsburg;Germany;Netherlands;FAUX;Pablo ARMERO;FAUX;0;0;Europe;
Tim KRUL;Newcastle United FC;England;Netherlands;FAUX;Tim CAHILL;FAUX;0;0;Europe;
Jonathan DE GUZMAN;Swansea City AFC;England;Netherlands;FAUX;John BROOKS;FAUX;0;0;Europe;
Jasper CILLESSEN;AFC Ajax;Netherlands;Netherlands;VRAI;James RODRIGUEZ;FAUX;1;0;Europe;
Leroy FER;Norwich City FC;England;Netherlands;FAUX;Leroy FER;VRAI;0;1;Europe;
Daryl JANMAAT;Feyenoord Rotterdam;Netherlands;Netherlands;VRAI;Daniel STURRIDGE;FAUX;1;0;Europe;
Daley BLIND;AFC Ajax;Netherlands;Netherlands;VRAI;Clint DEMPSEY;FAUX;1;0;Europe;
Stefan DE VRIJ;Feyenoord Rotterdam;Netherlands;Netherlands;VRAI;Stefan DE VRIJ;VRAI;1;1;Europe;
Joel VELTMAN;AFC Ajax;Netherlands;Netherlands;VRAI;Joel MATIP;FAUX;1;0;Europe;
Jordy CLASIE;Feyenoord Rotterdam;Netherlands;Netherlands;VRAI;John BROOKS;FAUX;1;0;Europe;
Terence KONGOLO;Feyenoord Rotterdam;Netherlands;Netherlands;VRAI;Teofilo GUTIERREZ;FAUX;1;0;Europe;
Memphis DEPAY;PSV Eindhoven;Netherlands;Netherlands;VRAI;Memphis DEPAY;VRAI;1;2;Europe;
Uche NWOFOR;SC Heerenveen;Netherlands;Nigeria;FAUX;Tim CAHILL;FAUX;0;0;Africa;
Emmanuel EMENIKE;Fenerbahce SK;Turkey;Nigeria;FAUX;Eduardo VARGAS;FAUX;0;0;Africa;
Shola AMEOBI;Newcastle United FC;England;Nigeria;FAUX;Shinji OKAZAKI;FAUX;0;0;Africa;
Okechukwu UCHEBO;Cercle Brugge;Belgium;Nigeria;FAUX;NEYMAR;FAUX;0;0;Africa;
Victor MOSES;Liverpool FC;England;Nigeria;FAUX;Vedad IBISEVIC;FAUX;0;0;Africa;
Peter ODEMWINGIE;Stoke City FC;England;Nigeria;FAUX;Peter ODEMWINGIE;VRAI;0;1;Africa;
Ahmed MUSA;CSKA Moscow;Russia;Nigeria;FAUX;Admir MEHMEDI;FAUX;0;0;Africa;
Joseph YOBO;Norwich City FC;England;Nigeria;FAUX;Jorge VALDIVIA;FAUX;0;0;Africa;
John Obi MIKEL;Chelsea FC;England;Nigeria;FAUX;John BROOKS;FAUX;0;0;Africa;
Ogenyi ONAZI;SS Lazio;Italy;Nigeria;FAUX;NEYMAR;FAUX;0;0;Africa;
Uwa ECHIEJILE;AS Monaco;France;Nigeria;FAUX;Tim CAHILL;FAUX;0;0;Africa;
Azubuike EGWUEKWE;Warri Wolves FC;Nigeria;Nigeria;VRAI;Asamoah GYAN;FAUX;1;0;Africa;
Godfrey OBOABONA;Caykur Rizespor;Turkey;Nigeria;FAUX;GERVINHO;FAUX;0;0;Africa;
Efe AMBROSE;Celtic FC;Scotland;Nigeria;FAUX;Eduardo VARGAS;FAUX;0;0;Africa;
Vincent ENYEAMA;Lille OSC;France;Nigeria;FAUX;Vedad IBISEVIC;FAUX;0;0;Africa;
Austine EJIDE;Hapoel Be'er Sheva FC;Israel;Nigeria;FAUX;Asamoah GYAN;FAUX;0;0;Africa;
Chigozie AGBIM;Enugu Rangers FC;Nigeria;Nigeria;VRAI;Charles ARANGUIZ;FAUX;1;0;Africa;
Ebenezer ODUNLAMI;Sunshine Stars FC;Nigeria;Nigeria;VRAI;Dries MERTENS;FAUX;1;0;Africa;
Ruben GABRIEL;KV Waasland-Beveren;Belgium;Nigeria;FAUX;Robin VAN PERSIE;FAUX;0;0;Africa;
Juwon OSHANIWA;FC Ashdod;Israel;Nigeria;FAUX;Juan QUINTERO;FAUX;0;0;Africa;
Ramon AZEEZ;UD Almeria;Spain;Nigeria;FAUX;Rafik HALLICHE;FAUX;0;0;Africa;
Michael BABATUNDE;FC Volyn Lutsk;Ukraine;Nigeria;FAUX;Memphis DEPAY;FAUX;0;0;Africa;
Kenneth OMERUO;Middlesbrough FC;England;Nigeria;FAUX;Keisuke HONDA;FAUX;0;0;Africa;
CRISTIANO RONALDO;Real Madrid CF;Spain;Portugal;FAUX;Clint DEMPSEY;FAUX;0;0;Europe;
HELDER POSTIGA;SS Lazio;Italy;Portugal;FAUX;Haris SEFEROVIC;FAUX;0;0;Europe;
HUGO ALMEIDA;Besiktas JK;Turkey;Portugal;FAUX;Haris SEFEROVIC;FAUX;0;0;Europe;
NANI;Manchester United FC;England;Portugal;FAUX;NANI;VRAI;0;1;Europe;
VARELA;FC Porto;Portugal;Portugal;VRAI;VARELA;VRAI;1;1;Europe;
RAUL MEIRELES;Fenerbahce SK;Turkey;Portugal;FAUX;Rafik HALLICHE;FAUX;0;0;Europe;
BRUNO ALVES;Fenerbahce SK;Turkey;Portugal;FAUX;Blerim DZEMAILI;FAUX;0;0;Europe;
FABIO COENTRAO;Real Madrid CF;Spain;Portugal;FAUX;Enner VALENCIA;FAUX;0;0;Europe;
RICARDO COSTA;Valencia CF;Spain;Portugal;FAUX;Rafik HALLICHE;FAUX;0;0;Europe;
PEPE;Real Madrid CF;Spain;Portugal;FAUX;Pablo ARMERO;FAUX;0;0;Europe;
MIGUEL VELOSO;FC Dynamo Kyiv;Ukraine;Portugal;FAUX;Memphis DEPAY;FAUX;0;0;Europe;
JOAO MOUTINHO;AS Monaco;France;Portugal;FAUX;Jermaine JONES;FAUX;0;0;Europe;
BETO;Sevilla FC;Spain;Portugal;FAUX;Asamoah GYAN;FAUX;0;0;Europe;
EDUARDO;Sporting Braga;Portugal;Portugal;VRAI;Edinson CAVANI;FAUX;1;0;Europe;
JOAO PEREIRA;Valencia CF;Spain;Portugal;FAUX;Jermaine JONES;FAUX;0;0;Europe;
RUBEN AMORIM;SL Benfica;Portugal;Portugal;VRAI;Robin VAN PERSIE;FAUX;1;0;Europe;
VIEIRINHA;VfL Wolfsburg;Germany;Portugal;FAUX;Vedad IBISEVIC;FAUX;0;0;Europe;
EDER;Sporting Braga;Portugal;Portugal;VRAI;Dries MERTENS;FAUX;1;0;Europe;
RUI PATRICIO;Sporting CP;Portugal;Portugal;VRAI;Robin VAN PERSIE;FAUX;1;0;Europe;
LUIS NETO;FC Zenit St. Petersburg;Russia;Portugal;FAUX;Lionel MESSI;FAUX;0;0;Europe;
ANDRE ALMEIDA;SL Benfica;Portugal;Portugal;VRAI;Alexis SANCHEZ;FAUX;1;0;Europe;
WILLIAM;Sporting CP;Portugal;Portugal;VRAI;Wilfried BONY;FAUX;1;0;Europe;
RAFA;Sporting Braga;Portugal;Portugal;VRAI;Peter ODEMWINGIE;FAUX;1;0;Europe;
Oleg SHATOV;FC Zenit St. Petersburg;Russia;Russia;VRAI;NEYMAR;FAUX;1;0;Asia;
Aleksandr KERZHAKOV;FC Zenit St. Petersburg;Russia;Russia;VRAI;Aleksandr KERZHAKOV;VRAI;1;1;Asia;
Pavel MOGILEVETC;FC Rubin Kazan;Russia;Russia;VRAI;Pablo ARMERO;FAUX;1;0;Asia;
Alan DZAGOEV;CSKA Moscow;Russia;Russia;VRAI;Admir MEHMEDI;FAUX;1;0;Asia;
Alexander KOKORIN;FC Dynamo Moscow;Russia;Russia;VRAI;Aleksandr KERZHAKOV;FAUX;1;0;Asia;
Victor FAYZULIN;FC Zenit St. Petersburg;Russia;Russia;VRAI;Vedad IBISEVIC;FAUX;1;0;Asia;
Alexander SAMEDOV;FC Lokomotiv Moscow;Russia;Russia;VRAI;Aleksandr KERZHAKOV;FAUX;1;0;Asia;
Denis GLUSHAKOV;FC Spartak Moscow;Russia;Russia;VRAI;David VILLA;FAUX;1;0;Asia;
Sergey IGNASHEVICH;CSKA Moscow;Russia;Russia;VRAI;Robin VAN PERSIE;FAUX;1;0;Asia;
Dmitry KOMBAROV;FC Spartak Moscow;Russia;Russia;VRAI;Divock ORIGI;FAUX;1;0;Asia;
Vasily BEREZUTSKIY;CSKA Moscow;Russia;Russia;VRAI;VARELA;FAUX;1;0;Asia;
Sergey RYZHIKOV;FC Rubin Kazan;Russia;Russia;VRAI;Robin VAN PERSIE;FAUX;1;0;Asia;
Yury ZHIRKOV;FC Dynamo Moscow;Russia;Russia;VRAI;Yacine BRAHIMI;FAUX;1;0;Asia;
Andrey ESHCHENKO;FC Anzhi Makhachkala;Russia;Russia;VRAI;Andres GUARDADO;FAUX;1;0;Asia;
Igor DENISOV;FC Dynamo Moscow;Russia;Russia;VRAI;Haris SEFEROVIC;FAUX;1;0;Asia;
Igor AKINFEEV;CSKA Moscow;Russia;Russia;VRAI;Haris SEFEROVIC;FAUX;1;0;Asia;
Aleksei KOZLOV;FC Dynamo Moscow;Russia;Russia;VRAI;Aleksandr KERZHAKOV;FAUX;1;0;Asia;
Vladimir GRANAT;FC Dynamo Moscow;Russia;Russia;VRAI;Vedad IBISEVIC;FAUX;1;0;Asia;
Andrey SEMENOV;FC Terek Grozny;Russia;Russia;VRAI;Andres GUARDADO;FAUX;1;0;Asia;
Alexey IONOV;FC Dynamo Moscow;Russia;Russia;VRAI;Aleksandr KERZHAKOV;FAUX;1;0;Asia;
Yury LODYGIN;FC Zenit St. Petersburg;Russia;Russia;VRAI;Yacine BRAHIMI;FAUX;1;0;Asia;
Georgy SHCHENNIKOV;CSKA Moscow;Russia;Russia;VRAI;Georgios SAMARAS;FAUX;1;0;Asia;
Maksim KANUNNIKOV;FK Amkar Perm;Russia;Russia;VRAI;Luis SUAREZ;FAUX;1;0;Asia;
PARK Chuyoung;Watford FC;England;South Korea;FAUX;Pablo ARMERO;FAUX;0;0;Asia;
KOO Jacheol;FSV Mainz 05;Germany;South Korea;FAUX;KOO Jacheol;VRAI;0;1;Asia;
JI Dongwon;FC Augsburg;Germany;South Korea;FAUX;Jermaine JONES;FAUX;0;0;Asia;
LEE Keunho;Sangju Sangmu FC;South Korea;South Korea;VRAI;LEE Keunho;VRAI;1;1;Asia;
SON Heungmin;Bayer 04 Leverkusen;Germany;South Korea;FAUX;SON Heungmin;VRAI;0;1;Asia;
KWAK Taehwi;Al Hilal FC;Saudi Arabia;South Korea;FAUX;KOO Jacheol;FAUX;0;0;Asia;
LEE Chungyong;Bolton Wanderers FC;England;South Korea;FAUX;KOO Jacheol;FAUX;0;0;Asia;
KIM Shinwook;Ulsan Hyundai FC;South Korea;South Korea;VRAI;Keisuke HONDA;FAUX;1;0;Asia;
KIM Bokyung;Cardiff City FC;England;South Korea;FAUX;Keisuke HONDA;FAUX;0;0;Asia;
KI Sungyueng;Sunderland AFC;England;South Korea;FAUX;Keisuke HONDA;FAUX;0;0;Asia;
KIM Younggwon;Guangzhou Evergrande FC;China;South Korea;FAUX;Keisuke HONDA;FAUX;0;0;Asia;
HONG Jeongho;FC Augsburg;Germany;South Korea;FAUX;Haris SEFEROVIC;FAUX;0;0;Asia;
JUNG Sungryong;Suwon Bluewings FC;South Korea;South Korea;VRAI;Juan QUINTERO;FAUX;1;0;Asia;
HA Daesung;Beijing Guoan;China;South Korea;FAUX;Granit XHAKA;FAUX;0;0;Asia;
KIM Changsoo;Kashiwa Reysol;Japan;South Korea;FAUX;Keisuke HONDA;FAUX;0;0;Asia;
LEE Yong;Ulsan Hyundai FC;South Korea;South Korea;VRAI;LEE Keunho;FAUX;1;0;Asia;
PARK Jooho;FSV Mainz 05;Germany;South Korea;FAUX;Pablo ARMERO;FAUX;0;0;Asia;
PARK Jongwoo;Guangzhou R&F FC;China;South Korea;FAUX;Pablo ARMERO;FAUX;0;0;Asia;
HAN Kookyoung;Kashiwa Reysol;Japan;South Korea;FAUX;Granit XHAKA;FAUX;0;0;Asia;
YUN Sukyoung;Queens Park Rangers FC;England;South Korea;FAUX;Yacine BRAHIMI;FAUX;0;0;Asia;
HWANG Seokho;Sanfrecce Hiroshima;Japan;South Korea;FAUX;Haris SEFEROVIC;FAUX;0;0;Asia;
KIM Seunggyu;Ulsan Hyundai FC;South Korea;South Korea;VRAI;Keisuke HONDA;FAUX;1;0;Asia;
LEE Bumyoung;Busan IPark FC;South Korea;South Korea;VRAI;KOO Jacheol;FAUX;1;0;Asia;
David VILLA;Atletico Madrid;Spain;Spain;VRAI;David VILLA;VRAI;1;1;Europe;
Pedro RODRIGUEZ;FC Barcelona;Spain;Spain;VRAI;Pablo ARMERO;FAUX;1;0;Europe;
Fernando TORRES;Chelsea FC;England;Spain;FAUX;Fernando TORRES;VRAI;0;1;Europe;
Juan MATA;Manchester United FC;England;Spain;FAUX;Juan MATA;VRAI;0;1;Europe;
David SILVA;Manchester City FC;England;Spain;FAUX;Daniel STURRIDGE;FAUX;0;0;Europe;
Morgan SCHNEIDERLIN;Southampton FC;England;France;FAUX;Miroslav KLOSE;FAUX;0;0;Europe;
Jordi ALBA;FC Barcelona;Spain;Spain;VRAI;John BROOKS;FAUX;1;0;Europe;
Santi CAZORLA;Arsenal FC;England;Spain;FAUX;Robin VAN PERSIE;FAUX;0;0;Europe;
Cesc FABREGAS;FC Barcelona;Spain;Spain;VRAI;Carlo COSTLY;FAUX;1;0;Europe;
JUANFRAN;Atletico Madrid;Spain;Spain;VRAI;Juan QUINTERO;FAUX;1;0;Europe;
Xabi ALONSO;Real Madrid CF;Spain;Spain;VRAI;Xabi ALONSO;VRAI;1;1;Europe;
Andres INIESTA;FC Barcelona;Spain;Spain;VRAI;Andres GUARDADO;FAUX;1;0;Europe;
Xavi HERNANDEZ;FC Barcelona;Spain;Spain;VRAI;Xabi ALONSO;FAUX;1;0;Europe;
Sergio RAMOS;Real Madrid CF;Spain;Spain;VRAI;Robin VAN PERSIE;FAUX;1;0;Europe;
Gerard PIQUE;FC Barcelona;Spain;Spain;VRAI;Georgios SAMARAS;FAUX;1;0;Europe;
Iker CASILLAS;Real Madrid CF;Spain;Spain;VRAI;Haris SEFEROVIC;FAUX;1;0;Europe;
Pepe REINA;SSC Napoli;Italy;Spain;FAUX;Pablo ARMERO;FAUX;0;0;Europe;
Raul ALBIOL;SSC Napoli;Italy;Spain;FAUX;Rafik HALLICHE;FAUX;0;0;Europe;
Javi MARTINEZ;FC Bayern Muenchen;Germany;Spain;FAUX;James RODRIGUEZ;FAUX;0;0;Europe;
Sergio BUSQUETS;FC Barcelona;Spain;Spain;VRAI;Robin VAN PERSIE;FAUX;1;0;Europe;
Diego COSTA;Atletico Madrid;Spain;Spain;VRAI;David VILLA;FAUX;1;0;Europe;
Cesar AZPILICUETA;Chelsea FC;England;Spain;FAUX;Carlo COSTLY;FAUX;0;0;Europe;
KOKE;Atletico Madrid;Spain;Spain;VRAI;Keisuke HONDA;FAUX;1;0;Europe;
David DE GEA;Manchester United FC;England;Spain;FAUX;Daniel STURRIDGE;FAUX;0;0;Europe;
Fabian SCHAER;FC Basel;Switzerland;Switzerland;VRAI;Enner VALENCIA;FAUX;1;0;Europe;
Josip DRMIC;1. FC Nuernberg;Germany;Switzerland;FAUX;Jorge VALDIVIA;FAUX;0;0;Europe;
Mario GAVRANOVIC;FC Zuerich;Switzerland;Switzerland;VRAI;Mario BALOTELLI;FAUX;1;0;Europe;
Xherdan SHAQIRI;FC Bayern Muenchen;Germany;Switzerland;FAUX;Xabi ALONSO;FAUX;0;0;Europe;
Michael LANG;Grasshopper Club;Switzerland;Switzerland;VRAI;Memphis DEPAY;FAUX;1;0;Europe;
Granit XHAKA;Borussia Moenchengladbach;Germany;Switzerland;FAUX;Granit XHAKA;VRAI;0;1;Europe;
Tranquillo BARNETTA;Eintracht Frankfurt;Germany;Switzerland;FAUX;Tim CAHILL;FAUX;0;0;Europe;
Valentin STOCKER;FC Basel;Switzerland;Switzerland;VRAI;Tim CAHILL;FAUX;1;0;Europe;
Philippe SENDEROS;Valencia CF;Spain;Switzerland;FAUX;Peter ODEMWINGIE;FAUX;0;0;Europe;
Haris SEFEROVIC;Real Sociedad;Spain;Switzerland;FAUX;Haris SEFEROVIC;VRAI;0;1;Europe;
Gokhan INLER;SSC Napoli;Italy;Switzerland;FAUX;GERVINHO;FAUX;0;0;Europe;
Stephan LICHTSTEINER;Juventus FC;Italy;Switzerland;FAUX;Stefan DE VRIJ;FAUX;0;0;Europe;
Admir MEHMEDI;SC Freiburg;Germany;Switzerland;FAUX;Admir MEHMEDI;VRAI;0;1;Europe;
Gelson FERNANDES;SC Freiburg;Germany;Switzerland;FAUX;FRED;FAUX;0;0;Europe;
Valon BEHRAMI;SSC Napoli;Italy;Switzerland;FAUX;Tim CAHILL;FAUX;0;0;Europe;
Blerim DZEMAILI;SSC Napoli;Italy;Switzerland;FAUX;Blerim DZEMAILI;VRAI;0;1;Europe;
Reto ZIEGLER;US Sassuolo;Italy;Switzerland;FAUX;Rafik HALLICHE;FAUX;0;0;Europe;
Johan DJOUROU;Hamburger SV;Germany;Switzerland;FAUX;Joel MATIP;FAUX;0;0;Europe;
Steve VON BERGEN;BSC Young Boys;Switzerland;Switzerland;VRAI;Stefan DE VRIJ;FAUX;1;0;Europe;
Diego BENAGLIO;VfL Wolfsburg;Germany;Switzerland;FAUX;David VILLA;FAUX;0;0;Europe;
Yann SOMMER;FC Basel;Switzerland;Switzerland;VRAI;Yacine BRAHIMI;FAUX;1;0;Europe;
Ricardo RODRIGUEZ;VfL Wolfsburg;Germany;Switzerland;FAUX;Rafik HALLICHE;FAUX;0;0;Europe;
Roman BUERKI;Grasshopper Club;Switzerland;Switzerland;VRAI;Robin VAN PERSIE;FAUX;1;0;Europe;
Abel HERNANDEZ;US Citta di Palermo;Italy;Uruguay;FAUX;Abdelmoumene DJABOU;FAUX;0;0;South America;
Luis SUAREZ;Liverpool FC;England;Uruguay;FAUX;Luis SUAREZ;VRAI;0;2;South America;
Cristhian STUANI;RCD Espanyol;Spain;Uruguay;FAUX;Clint DEMPSEY;FAUX;0;0;South America;
Diego FORLAN;Cerezo Osaka;Japan;Uruguay;FAUX;David VILLA;FAUX;0;0;South America;
Edinson CAVANI;Paris Saint-Germain FC;France;Uruguay;FAUX;Edinson CAVANI;VRAI;0;1;South America;
Nicolas LODEIRO;Botafogo FR;Brazil;Uruguay;FAUX;NEYMAR;FAUX;0;0;South America;
Cristian RODRIGUEZ;Atletico Madrid;Spain;Uruguay;FAUX;Clint DEMPSEY;FAUX;0;0;South America;
Alvaro PEREIRA;Sao Paulo FC;Brazil;Uruguay;FAUX;Alexis SANCHEZ;FAUX;0;0;South America;
Diego LUGANO;West Bromwich Albion FC;England;Uruguay;FAUX;Diego GODIN;FAUX;0;0;South America;
Alvaro GONZALEZ;SS Lazio;Italy;Uruguay;FAUX;Alexis SANCHEZ;FAUX;0;0;South America;
Diego GODIN;Atletico Madrid;Spain;Uruguay;FAUX;Diego GODIN;VRAI;0;1;South America;
Maximiliano PEREIRA;SL Benfica;Portugal;Uruguay;FAUX;Mats HUMMELS;FAUX;0;0;South America;
Diego PEREZ;Bologna FC;Italy;Uruguay;FAUX;Diego GODIN;FAUX;0;0;South America;
Martin CACERES;Juventus FC;Italy;Uruguay;FAUX;Marouane FELLAINI;FAUX;0;0;South America;
Walter GARGANO;Parma FC;Italy;Uruguay;FAUX;Vedad IBISEVIC;FAUX;0;0;South America;
Egidio AREVALO;CA Monarcas Morelia;Mexico;Uruguay;FAUX;Eduardo VARGAS;FAUX;0;0;South America;
Martin SILVA;CR Vasco da Gama;Brazil;Uruguay;FAUX;Marouane FELLAINI;FAUX;0;0;South America;
Jorge FUCILE;FC Porto;Portugal;Uruguay;FAUX;John BROOKS;FAUX;0;0;South America;
Fernando MUSLERA;Galatasaray SK;Turkey;Uruguay;FAUX;FERNANDINHO;FAUX;0;0;South America;
Sebastian COATES;Club Nacional de Football;Uruguay;Uruguay;VRAI;Robin VAN PERSIE;FAUX;1;0;South America;
Gaston RAMIREZ;Southampton FC;England;Uruguay;FAUX;FRED;FAUX;0;0;South America;
Jose GIMENEZ;Atletico Madrid;Spain;Uruguay;FAUX;Jorge VALDIVIA;FAUX;0;0;South America;
Rodrigo MUNOZ;Club Libertad;Paraguay;Uruguay;FAUX;Robin VAN PERSIE;FAUX;0;0;South America;
Chris WONDOLOWSKI;San Jose Earthquakes;USA;USA;VRAI;Charles ARANGUIZ;FAUX;1;0;North America;
Clint DEMPSEY;Seattle Sounders FC;USA;USA;VRAI;Clint DEMPSEY;VRAI;1;2;North America;
Jozy ALTIDORE;Sunderland AFC;England;USA;FAUX;Jorge VALDIVIA;FAUX;0;0;North America;
Aron JOHANNSSON;AZ Alkmaar;Netherlands;USA;FAUX;Arjen ROBBEN;FAUX;0;0;North America;
Mix DISKERUD;Rosenborg BK;Norway;USA;FAUX;Miroslav KLOSE;FAUX;0;0;North America;
DaMarcus BEASLEY;Puebla FC;Mexico;USA;FAUX;Clint DEMPSEY;FAUX;0;0;North America;
Michael BRADLEY;Toronto FC;Canada;USA;FAUX;Memphis DEPAY;FAUX;0;0;North America;
Graham ZUSI;Sporting Kansas City;USA;USA;VRAI;GERVINHO;FAUX;1;0;North America;
Fabian JOHNSON;TSG 1899 Hoffenheim;Germany;USA;FAUX;Enner VALENCIA;FAUX;0;0;North America;
Jermaine JONES;Besiktas JK;Turkey;USA;FAUX;Jermaine JONES;VRAI;0;1;North America;
Geoff CAMERON;Stoke City FC;England;USA;FAUX;FRED;FAUX;0;0;North America;
Alejandro BEDOYA;FC Nantes;France;USA;FAUX;Admir MEHMEDI;FAUX;0;0;North America;
Kyle BECKERMAN;Real Salt Lake;USA;USA;VRAI;KOO Jacheol;FAUX;1;0;North America;
Tim HOWARD;Everton FC;England;USA;FAUX;Tim CAHILL;FAUX;0;0;North America;
Nick RIMANDO;Real Salt Lake;USA;USA;VRAI;NEYMAR;FAUX;1;0;North America;
Brad DAVIS;Houston Dynamo;USA;USA;VRAI;Blerim DZEMAILI;FAUX;1;0;North America;
Brad GUZAN;Aston Villa FC;England;USA;FAUX;Blerim DZEMAILI;FAUX;0;0;North America;
Matt BESLER;Sporting Kansas City;USA;USA;VRAI;Mats HUMMELS;FAUX;1;0;North America;
Omar GONZALEZ;Los Angeles Galaxy;USA;USA;VRAI;Olivier GIROUD;FAUX;1;0;North America;
Timmy CHANDLER;1. FC Nuernberg;Germany;USA;FAUX;Tim CAHILL;FAUX;0;0;North America;
John BROOKS;Hertha BSC;Germany;USA;FAUX;John BROOKS;VRAI;0;1;North America;
DeAndre YEDLIN;Seattle Sounders FC;USA;USA;VRAI;David VILLA;FAUX;1;0;North America;
Julian GREEN;FC Bayern Muenchen;Germany;USA;FAUX;Juan QUINTERO;FAUX;0;0;North America;
