"Source";"Target";"Label";"Type"
"1";"46";"Sporting CP";"Undirected"
"1";"593";"Sporting CP";"Undirected"
"1";"596";"Sporting CP";"Undirected"
"46";"593";"Sporting CP";"Undirected"
"46";"596";"Sporting CP";"Undirected"
"593";"596";"Sporting CP";"Undirected"
"2";"253";"GNK Dinamo Zagreb";"Undirected"
"3";"83";"FC Porto";"Undirected"
"3";"187";"FC Porto";"Undirected"
"3";"206";"FC Porto";"Undirected"
"3";"319";"FC Porto";"Undirected"
"3";"525";"FC Porto";"Undirected"
"3";"528";"FC Porto";"Undirected"
"3";"579";"FC Porto";"Undirected"
"3";"708";"FC Porto";"Undirected"
"83";"187";"FC Porto";"Undirected"
"83";"206";"FC Porto";"Undirected"
"83";"319";"FC Porto";"Undirected"
"83";"525";"FC Porto";"Undirected"
"83";"528";"FC Porto";"Undirected"
"83";"579";"FC Porto";"Undirected"
"83";"708";"FC Porto";"Undirected"
"187";"206";"FC Porto";"Undirected"
"187";"319";"FC Porto";"Undirected"
"187";"525";"FC Porto";"Undirected"
"187";"528";"FC Porto";"Undirected"
"187";"579";"FC Porto";"Undirected"
"187";"708";"FC Porto";"Undirected"
"206";"319";"FC Porto";"Undirected"
"206";"525";"FC Porto";"Undirected"
"206";"528";"FC Porto";"Undirected"
"206";"579";"FC Porto";"Undirected"
"206";"708";"FC Porto";"Undirected"
"319";"525";"FC Porto";"Undirected"
"319";"528";"FC Porto";"Undirected"
"319";"579";"FC Porto";"Undirected"
"319";"708";"FC Porto";"Undirected"
"525";"528";"FC Porto";"Undirected"
"525";"579";"FC Porto";"Undirected"
"525";"708";"FC Porto";"Undirected"
"528";"579";"FC Porto";"Undirected"
"528";"708";"FC Porto";"Undirected"
"579";"708";"FC Porto";"Undirected"
"4";"32";"FC Internazionale";"Undirected"
"4";"36";"FC Internazionale";"Undirected"
"4";"45";"FC Internazionale";"Undirected"
"4";"129";"FC Internazionale";"Undirected"
"4";"194";"FC Internazionale";"Undirected"
"4";"250";"FC Internazionale";"Undirected"
"4";"494";"FC Internazionale";"Undirected"
"32";"36";"FC Internazionale";"Undirected"
"32";"45";"FC Internazionale";"Undirected"
"32";"129";"FC Internazionale";"Undirected"
"32";"194";"FC Internazionale";"Undirected"
"32";"250";"FC Internazionale";"Undirected"
"32";"494";"FC Internazionale";"Undirected"
"36";"45";"FC Internazionale";"Undirected"
"36";"129";"FC Internazionale";"Undirected"
"36";"194";"FC Internazionale";"Undirected"
"36";"250";"FC Internazionale";"Undirected"
"36";"494";"FC Internazionale";"Undirected"
"45";"129";"FC Internazionale";"Undirected"
"45";"194";"FC Internazionale";"Undirected"
"45";"250";"FC Internazionale";"Undirected"
"45";"494";"FC Internazionale";"Undirected"
"129";"194";"FC Internazionale";"Undirected"
"129";"250";"FC Internazionale";"Undirected"
"129";"494";"FC Internazionale";"Undirected"
"194";"250";"FC Internazionale";"Undirected"
"194";"494";"FC Internazionale";"Undirected"
"250";"494";"FC Internazionale";"Undirected"
"5";"163";"Valencia CF";"Undirected"
"5";"583";"Valencia CF";"Undirected"
"5";"589";"Valencia CF";"Undirected"
"5";"676";"Valencia CF";"Undirected"
"163";"583";"Valencia CF";"Undirected"
"163";"589";"Valencia CF";"Undirected"
"163";"676";"Valencia CF";"Undirected"
"583";"589";"Valencia CF";"Undirected"
"583";"676";"Valencia CF";"Undirected"
"589";"676";"Valencia CF";"Undirected"
"7";"354";"Udinese Calcio";"Undirected"
"8";"621";"Watford FC";"Undirected"
"10";"348";"Valenciennes FC";"Undirected"
"12";"522";"AC Ajaccio";"Undirected"
"13";"248";"Getafe CF";"Undirected"
"19";"155";"Granada CF";"Undirected"
"19";"381";"Granada CF";"Undirected"
"155";"381";"Granada CF";"Undirected"
"20";"24";"SSC Napoli";"Undirected"
"20";"33";"SSC Napoli";"Undirected"
"20";"79";"SSC Napoli";"Undirected"
"20";"138";"SSC Napoli";"Undirected"
"20";"197";"SSC Napoli";"Undirected"
"20";"439";"SSC Napoli";"Undirected"
"20";"660";"SSC Napoli";"Undirected"
"20";"661";"SSC Napoli";"Undirected"
"20";"678";"SSC Napoli";"Undirected"
"20";"682";"SSC Napoli";"Undirected"
"20";"683";"SSC Napoli";"Undirected"
"24";"33";"SSC Napoli";"Undirected"
"24";"79";"SSC Napoli";"Undirected"
"24";"138";"SSC Napoli";"Undirected"
"24";"197";"SSC Napoli";"Undirected"
"24";"439";"SSC Napoli";"Undirected"
"24";"660";"SSC Napoli";"Undirected"
"24";"661";"SSC Napoli";"Undirected"
"24";"678";"SSC Napoli";"Undirected"
"24";"682";"SSC Napoli";"Undirected"
"24";"683";"SSC Napoli";"Undirected"
"33";"79";"SSC Napoli";"Undirected"
"33";"138";"SSC Napoli";"Undirected"
"33";"197";"SSC Napoli";"Undirected"
"33";"439";"SSC Napoli";"Undirected"
"33";"660";"SSC Napoli";"Undirected"
"33";"661";"SSC Napoli";"Undirected"
"33";"678";"SSC Napoli";"Undirected"
"33";"682";"SSC Napoli";"Undirected"
"33";"683";"SSC Napoli";"Undirected"
"79";"138";"SSC Napoli";"Undirected"
"79";"197";"SSC Napoli";"Undirected"
"79";"439";"SSC Napoli";"Undirected"
"79";"660";"SSC Napoli";"Undirected"
"79";"661";"SSC Napoli";"Undirected"
"79";"678";"SSC Napoli";"Undirected"
"79";"682";"SSC Napoli";"Undirected"
"79";"683";"SSC Napoli";"Undirected"
"138";"197";"SSC Napoli";"Undirected"
"138";"439";"SSC Napoli";"Undirected"
"138";"660";"SSC Napoli";"Undirected"
"138";"661";"SSC Napoli";"Undirected"
"138";"678";"SSC Napoli";"Undirected"
"138";"682";"SSC Napoli";"Undirected"
"138";"683";"SSC Napoli";"Undirected"
"197";"439";"SSC Napoli";"Undirected"
"197";"660";"SSC Napoli";"Undirected"
"197";"661";"SSC Napoli";"Undirected"
"197";"678";"SSC Napoli";"Undirected"
"197";"682";"SSC Napoli";"Undirected"
"197";"683";"SSC Napoli";"Undirected"
"439";"660";"SSC Napoli";"Undirected"
"439";"661";"SSC Napoli";"Undirected"
"439";"678";"SSC Napoli";"Undirected"
"439";"682";"SSC Napoli";"Undirected"
"439";"683";"SSC Napoli";"Undirected"
"660";"661";"SSC Napoli";"Undirected"
"660";"678";"SSC Napoli";"Undirected"
"660";"682";"SSC Napoli";"Undirected"
"660";"683";"SSC Napoli";"Undirected"
"661";"678";"SSC Napoli";"Undirected"
"661";"682";"SSC Napoli";"Undirected"
"661";"683";"SSC Napoli";"Undirected"
"678";"682";"SSC Napoli";"Undirected"
"678";"683";"SSC Napoli";"Undirected"
"682";"683";"SSC Napoli";"Undirected"
"23";"74";"Tottenham Hotspur FC";"Undirected"
"23";"78";"Tottenham Hotspur FC";"Undirected"
"23";"81";"Tottenham Hotspur FC";"Undirected"
"23";"122";"Tottenham Hotspur FC";"Undirected"
"23";"317";"Tottenham Hotspur FC";"Undirected"
"74";"78";"Tottenham Hotspur FC";"Undirected"
"74";"81";"Tottenham Hotspur FC";"Undirected"
"74";"122";"Tottenham Hotspur FC";"Undirected"
"74";"317";"Tottenham Hotspur FC";"Undirected"
"78";"81";"Tottenham Hotspur FC";"Undirected"
"78";"122";"Tottenham Hotspur FC";"Undirected"
"78";"317";"Tottenham Hotspur FC";"Undirected"
"81";"122";"Tottenham Hotspur FC";"Undirected"
"81";"317";"Tottenham Hotspur FC";"Undirected"
"122";"317";"Tottenham Hotspur FC";"Undirected"
"25";"35";"FC Barcelona";"Undirected"
"25";"116";"FC Barcelona";"Undirected"
"25";"130";"FC Barcelona";"Undirected"
"25";"154";"FC Barcelona";"Undirected"
"25";"164";"FC Barcelona";"Undirected"
"25";"645";"FC Barcelona";"Undirected"
"25";"650";"FC Barcelona";"Undirected"
"25";"652";"FC Barcelona";"Undirected"
"25";"655";"FC Barcelona";"Undirected"
"25";"656";"FC Barcelona";"Undirected"
"25";"658";"FC Barcelona";"Undirected"
"25";"663";"FC Barcelona";"Undirected"
"35";"116";"FC Barcelona";"Undirected"
"35";"130";"FC Barcelona";"Undirected"
"35";"154";"FC Barcelona";"Undirected"
"35";"164";"FC Barcelona";"Undirected"
"35";"645";"FC Barcelona";"Undirected"
"35";"650";"FC Barcelona";"Undirected"
"35";"652";"FC Barcelona";"Undirected"
"35";"655";"FC Barcelona";"Undirected"
"35";"656";"FC Barcelona";"Undirected"
"35";"658";"FC Barcelona";"Undirected"
"35";"663";"FC Barcelona";"Undirected"
"116";"130";"FC Barcelona";"Undirected"
"116";"154";"FC Barcelona";"Undirected"
"116";"164";"FC Barcelona";"Undirected"
"116";"645";"FC Barcelona";"Undirected"
"116";"650";"FC Barcelona";"Undirected"
"116";"652";"FC Barcelona";"Undirected"
"116";"655";"FC Barcelona";"Undirected"
"116";"656";"FC Barcelona";"Undirected"
"116";"658";"FC Barcelona";"Undirected"
"116";"663";"FC Barcelona";"Undirected"
"130";"154";"FC Barcelona";"Undirected"
"130";"164";"FC Barcelona";"Undirected"
"130";"645";"FC Barcelona";"Undirected"
"130";"650";"FC Barcelona";"Undirected"
"130";"652";"FC Barcelona";"Undirected"
"130";"655";"FC Barcelona";"Undirected"
"130";"656";"FC Barcelona";"Undirected"
"130";"658";"FC Barcelona";"Undirected"
"130";"663";"FC Barcelona";"Undirected"
"154";"164";"FC Barcelona";"Undirected"
"154";"645";"FC Barcelona";"Undirected"
"154";"650";"FC Barcelona";"Undirected"
"154";"652";"FC Barcelona";"Undirected"
"154";"655";"FC Barcelona";"Undirected"
"154";"656";"FC Barcelona";"Undirected"
"154";"658";"FC Barcelona";"Undirected"
"154";"663";"FC Barcelona";"Undirected"
"164";"645";"FC Barcelona";"Undirected"
"164";"650";"FC Barcelona";"Undirected"
"164";"652";"FC Barcelona";"Undirected"
"164";"655";"FC Barcelona";"Undirected"
"164";"656";"FC Barcelona";"Undirected"
"164";"658";"FC Barcelona";"Undirected"
"164";"663";"FC Barcelona";"Undirected"
"645";"650";"FC Barcelona";"Undirected"
"645";"652";"FC Barcelona";"Undirected"
"645";"655";"FC Barcelona";"Undirected"
"645";"656";"FC Barcelona";"Undirected"
"645";"658";"FC Barcelona";"Undirected"
"645";"663";"FC Barcelona";"Undirected"
"650";"652";"FC Barcelona";"Undirected"
"650";"655";"FC Barcelona";"Undirected"
"650";"656";"FC Barcelona";"Undirected"
"650";"658";"FC Barcelona";"Undirected"
"650";"663";"FC Barcelona";"Undirected"
"652";"655";"FC Barcelona";"Undirected"
"652";"656";"FC Barcelona";"Undirected"
"652";"658";"FC Barcelona";"Undirected"
"652";"663";"FC Barcelona";"Undirected"
"655";"656";"FC Barcelona";"Undirected"
"655";"658";"FC Barcelona";"Undirected"
"655";"663";"FC Barcelona";"Undirected"
"656";"658";"FC Barcelona";"Undirected"
"656";"663";"FC Barcelona";"Undirected"
"658";"663";"FC Barcelona";"Undirected"
"26";"34";"Manchester City FC";"Undirected"
"26";"40";"Manchester City FC";"Undirected"
"26";"82";"Manchester City FC";"Undirected"
"26";"93";"Manchester City FC";"Undirected"
"26";"124";"Manchester City FC";"Undirected"
"26";"287";"Manchester City FC";"Undirected"
"26";"290";"Manchester City FC";"Undirected"
"26";"465";"Manchester City FC";"Undirected"
"26";"648";"Manchester City FC";"Undirected"
"34";"40";"Manchester City FC";"Undirected"
"34";"82";"Manchester City FC";"Undirected"
"34";"93";"Manchester City FC";"Undirected"
"34";"124";"Manchester City FC";"Undirected"
"34";"287";"Manchester City FC";"Undirected"
"34";"290";"Manchester City FC";"Undirected"
"34";"465";"Manchester City FC";"Undirected"
"34";"648";"Manchester City FC";"Undirected"
"40";"82";"Manchester City FC";"Undirected"
"40";"93";"Manchester City FC";"Undirected"
"40";"124";"Manchester City FC";"Undirected"
"40";"287";"Manchester City FC";"Undirected"
"40";"290";"Manchester City FC";"Undirected"
"40";"465";"Manchester City FC";"Undirected"
"40";"648";"Manchester City FC";"Undirected"
"82";"93";"Manchester City FC";"Undirected"
"82";"124";"Manchester City FC";"Undirected"
"82";"287";"Manchester City FC";"Undirected"
"82";"290";"Manchester City FC";"Undirected"
"82";"465";"Manchester City FC";"Undirected"
"82";"648";"Manchester City FC";"Undirected"
"93";"124";"Manchester City FC";"Undirected"
"93";"287";"Manchester City FC";"Undirected"
"93";"290";"Manchester City FC";"Undirected"
"93";"465";"Manchester City FC";"Undirected"
"93";"648";"Manchester City FC";"Undirected"
"124";"287";"Manchester City FC";"Undirected"
"124";"290";"Manchester City FC";"Undirected"
"124";"465";"Manchester City FC";"Undirected"
"124";"648";"Manchester City FC";"Undirected"
"287";"290";"Manchester City FC";"Undirected"
"287";"465";"Manchester City FC";"Undirected"
"287";"648";"Manchester City FC";"Undirected"
"290";"465";"Manchester City FC";"Undirected"
"290";"648";"Manchester City FC";"Undirected"
"465";"648";"Manchester City FC";"Undirected"
"28";"125";"Real Madrid CF";"Undirected"
"28";"238";"Real Madrid CF";"Undirected"
"28";"301";"Real Madrid CF";"Undirected"
"28";"320";"Real Madrid CF";"Undirected"
"28";"332";"Real Madrid CF";"Undirected"
"28";"575";"Real Madrid CF";"Undirected"
"28";"582";"Real Madrid CF";"Undirected"
"28";"584";"Real Madrid CF";"Undirected"
"28";"654";"Real Madrid CF";"Undirected"
"28";"657";"Real Madrid CF";"Undirected"
"28";"659";"Real Madrid CF";"Undirected"
"125";"238";"Real Madrid CF";"Undirected"
"125";"301";"Real Madrid CF";"Undirected"
"125";"320";"Real Madrid CF";"Undirected"
"125";"332";"Real Madrid CF";"Undirected"
"125";"575";"Real Madrid CF";"Undirected"
"125";"582";"Real Madrid CF";"Undirected"
"125";"584";"Real Madrid CF";"Undirected"
"125";"654";"Real Madrid CF";"Undirected"
"125";"657";"Real Madrid CF";"Undirected"
"125";"659";"Real Madrid CF";"Undirected"
"238";"301";"Real Madrid CF";"Undirected"
"238";"320";"Real Madrid CF";"Undirected"
"238";"332";"Real Madrid CF";"Undirected"
"238";"575";"Real Madrid CF";"Undirected"
"238";"582";"Real Madrid CF";"Undirected"
"238";"584";"Real Madrid CF";"Undirected"
"238";"654";"Real Madrid CF";"Undirected"
"238";"657";"Real Madrid CF";"Undirected"
"238";"659";"Real Madrid CF";"Undirected"
"301";"320";"Real Madrid CF";"Undirected"
"301";"332";"Real Madrid CF";"Undirected"
"301";"575";"Real Madrid CF";"Undirected"
"301";"582";"Real Madrid CF";"Undirected"
"301";"584";"Real Madrid CF";"Undirected"
"301";"654";"Real Madrid CF";"Undirected"
"301";"657";"Real Madrid CF";"Undirected"
"301";"659";"Real Madrid CF";"Undirected"
"320";"332";"Real Madrid CF";"Undirected"
"320";"575";"Real Madrid CF";"Undirected"
"320";"582";"Real Madrid CF";"Undirected"
"320";"584";"Real Madrid CF";"Undirected"
"320";"654";"Real Madrid CF";"Undirected"
"320";"657";"Real Madrid CF";"Undirected"
"320";"659";"Real Madrid CF";"Undirected"
"332";"575";"Real Madrid CF";"Undirected"
"332";"582";"Real Madrid CF";"Undirected"
"332";"584";"Real Madrid CF";"Undirected"
"332";"654";"Real Madrid CF";"Undirected"
"332";"657";"Real Madrid CF";"Undirected"
"332";"659";"Real Madrid CF";"Undirected"
"575";"582";"Real Madrid CF";"Undirected"
"575";"584";"Real Madrid CF";"Undirected"
"575";"654";"Real Madrid CF";"Undirected"
"575";"657";"Real Madrid CF";"Undirected"
"575";"659";"Real Madrid CF";"Undirected"
"582";"584";"Real Madrid CF";"Undirected"
"582";"654";"Real Madrid CF";"Undirected"
"582";"657";"Real Madrid CF";"Undirected"
"582";"659";"Real Madrid CF";"Undirected"
"584";"654";"Real Madrid CF";"Undirected"
"584";"657";"Real Madrid CF";"Undirected"
"584";"659";"Real Madrid CF";"Undirected"
"654";"657";"Real Madrid CF";"Undirected"
"654";"659";"Real Madrid CF";"Undirected"
"657";"659";"Real Madrid CF";"Undirected"
"29";"44";"SL Benfica";"Undirected"
"29";"590";"SL Benfica";"Undirected"
"29";"595";"SL Benfica";"Undirected"
"29";"702";"SL Benfica";"Undirected"
"44";"590";"SL Benfica";"Undirected"
"44";"595";"SL Benfica";"Undirected"
"44";"702";"SL Benfica";"Undirected"
"590";"595";"SL Benfica";"Undirected"
"590";"702";"SL Benfica";"Undirected"
"595";"702";"SL Benfica";"Undirected"
"30";"172";"Celta Vigo";"Undirected"
"31";"132";"Paris Saint-Germain FC";"Undirected"
"31";"134";"Paris Saint-Germain FC";"Undirected"
"31";"309";"Paris Saint-Germain FC";"Undirected"
"31";"310";"Paris Saint-Germain FC";"Undirected"
"31";"321";"Paris Saint-Germain FC";"Undirected"
"31";"440";"Paris Saint-Germain FC";"Undirected"
"31";"448";"Paris Saint-Germain FC";"Undirected"
"31";"453";"Paris Saint-Germain FC";"Undirected"
"31";"695";"Paris Saint-Germain FC";"Undirected"
"132";"134";"Paris Saint-Germain FC";"Undirected"
"132";"309";"Paris Saint-Germain FC";"Undirected"
"132";"310";"Paris Saint-Germain FC";"Undirected"
"132";"321";"Paris Saint-Germain FC";"Undirected"
"132";"440";"Paris Saint-Germain FC";"Undirected"
"132";"448";"Paris Saint-Germain FC";"Undirected"
"132";"453";"Paris Saint-Germain FC";"Undirected"
"132";"695";"Paris Saint-Germain FC";"Undirected"
"134";"309";"Paris Saint-Germain FC";"Undirected"
"134";"310";"Paris Saint-Germain FC";"Undirected"
"134";"321";"Paris Saint-Germain FC";"Undirected"
"134";"440";"Paris Saint-Germain FC";"Undirected"
"134";"448";"Paris Saint-Germain FC";"Undirected"
"134";"453";"Paris Saint-Germain FC";"Undirected"
"134";"695";"Paris Saint-Germain FC";"Undirected"
"309";"310";"Paris Saint-Germain FC";"Undirected"
"309";"321";"Paris Saint-Germain FC";"Undirected"
"309";"440";"Paris Saint-Germain FC";"Undirected"
"309";"448";"Paris Saint-Germain FC";"Undirected"
"309";"453";"Paris Saint-Germain FC";"Undirected"
"309";"695";"Paris Saint-Germain FC";"Undirected"
"310";"321";"Paris Saint-Germain FC";"Undirected"
"310";"440";"Paris Saint-Germain FC";"Undirected"
"310";"448";"Paris Saint-Germain FC";"Undirected"
"310";"453";"Paris Saint-Germain FC";"Undirected"
"310";"695";"Paris Saint-Germain FC";"Undirected"
"321";"440";"Paris Saint-Germain FC";"Undirected"
"321";"448";"Paris Saint-Germain FC";"Undirected"
"321";"453";"Paris Saint-Germain FC";"Undirected"
"321";"695";"Paris Saint-Germain FC";"Undirected"
"440";"448";"Paris Saint-Germain FC";"Undirected"
"440";"453";"Paris Saint-Germain FC";"Undirected"
"440";"695";"Paris Saint-Germain FC";"Undirected"
"448";"453";"Paris Saint-Germain FC";"Undirected"
"448";"695";"Paris Saint-Germain FC";"Undirected"
"453";"695";"Paris Saint-Germain FC";"Undirected"
"37";"41";"CA Boca Juniors";"Undirected"
"42";"103";"SS Lazio";"Undirected"
"42";"322";"SS Lazio";"Undirected"
"42";"454";"SS Lazio";"Undirected"
"42";"561";"SS Lazio";"Undirected"
"42";"576";"SS Lazio";"Undirected"
"42";"700";"SS Lazio";"Undirected"
"103";"322";"SS Lazio";"Undirected"
"103";"454";"SS Lazio";"Undirected"
"103";"561";"SS Lazio";"Undirected"
"103";"576";"SS Lazio";"Undirected"
"103";"700";"SS Lazio";"Undirected"
"322";"454";"SS Lazio";"Undirected"
"322";"561";"SS Lazio";"Undirected"
"322";"576";"SS Lazio";"Undirected"
"322";"700";"SS Lazio";"Undirected"
"454";"561";"SS Lazio";"Undirected"
"454";"576";"SS Lazio";"Undirected"
"454";"700";"SS Lazio";"Undirected"
"561";"576";"SS Lazio";"Undirected"
"561";"700";"SS Lazio";"Undirected"
"576";"700";"SS Lazio";"Undirected"
"43";"188";"AS Monaco";"Undirected"
"43";"247";"AS Monaco";"Undirected"
"43";"562";"AS Monaco";"Undirected"
"43";"586";"AS Monaco";"Undirected"
"188";"247";"AS Monaco";"Undirected"
"188";"562";"AS Monaco";"Undirected"
"188";"586";"AS Monaco";"Undirected"
"247";"562";"AS Monaco";"Undirected"
"247";"586";"AS Monaco";"Undirected"
"562";"586";"AS Monaco";"Undirected"
"48";"221";"New York Red Bulls";"Undirected"
"51";"54";"Melbourne Victory FC";"Undirected"
"56";"59";"Brisbane Roar FC";"Undirected"
"60";"333";"Borussia Dortmund";"Undirected"
"60";"337";"Borussia Dortmund";"Undirected"
"60";"341";"Borussia Dortmund";"Undirected"
"60";"343";"Borussia Dortmund";"Undirected"
"60";"384";"Borussia Dortmund";"Undirected"
"333";"337";"Borussia Dortmund";"Undirected"
"333";"341";"Borussia Dortmund";"Undirected"
"333";"343";"Borussia Dortmund";"Undirected"
"333";"384";"Borussia Dortmund";"Undirected"
"337";"341";"Borussia Dortmund";"Undirected"
"337";"343";"Borussia Dortmund";"Undirected"
"337";"384";"Borussia Dortmund";"Undirected"
"341";"343";"Borussia Dortmund";"Undirected"
"341";"384";"Borussia Dortmund";"Undirected"
"343";"384";"Borussia Dortmund";"Undirected"
"65";"228";"Club Brugge KV";"Undirected"
"66";"478";"Fortuna Duesseldorf";"Undirected"
"70";"72";"Everton FC";"Undirected"
"70";"285";"Everton FC";"Undirected"
"70";"286";"Everton FC";"Undirected"
"70";"297";"Everton FC";"Undirected"
"70";"727";"Everton FC";"Undirected"
"72";"285";"Everton FC";"Undirected"
"72";"286";"Everton FC";"Undirected"
"72";"297";"Everton FC";"Undirected"
"72";"727";"Everton FC";"Undirected"
"285";"286";"Everton FC";"Undirected"
"285";"297";"Everton FC";"Undirected"
"285";"727";"Everton FC";"Undirected"
"286";"297";"Everton FC";"Undirected"
"286";"727";"Everton FC";"Undirected"
"297";"727";"Everton FC";"Undirected"
"71";"131";"VfL Wolfsburg";"Undirected"
"71";"234";"VfL Wolfsburg";"Undirected"
"71";"239";"VfL Wolfsburg";"Undirected"
"71";"591";"VfL Wolfsburg";"Undirected"
"71";"687";"VfL Wolfsburg";"Undirected"
"71";"689";"VfL Wolfsburg";"Undirected"
"131";"234";"VfL Wolfsburg";"Undirected"
"131";"239";"VfL Wolfsburg";"Undirected"
"131";"591";"VfL Wolfsburg";"Undirected"
"131";"687";"VfL Wolfsburg";"Undirected"
"131";"689";"VfL Wolfsburg";"Undirected"
"234";"239";"VfL Wolfsburg";"Undirected"
"234";"591";"VfL Wolfsburg";"Undirected"
"234";"687";"VfL Wolfsburg";"Undirected"
"234";"689";"VfL Wolfsburg";"Undirected"
"239";"591";"VfL Wolfsburg";"Undirected"
"239";"687";"VfL Wolfsburg";"Undirected"
"239";"689";"VfL Wolfsburg";"Undirected"
"591";"687";"VfL Wolfsburg";"Undirected"
"591";"689";"VfL Wolfsburg";"Undirected"
"687";"689";"VfL Wolfsburg";"Undirected"
"73";"92";"Manchester United FC";"Undirected"
"73";"260";"Manchester United FC";"Undirected"
"73";"278";"Manchester United FC";"Undirected"
"73";"279";"Manchester United FC";"Undirected"
"73";"293";"Manchester United FC";"Undirected"
"73";"295";"Manchester United FC";"Undirected"
"73";"312";"Manchester United FC";"Undirected"
"73";"487";"Manchester United FC";"Undirected"
"73";"507";"Manchester United FC";"Undirected"
"73";"530";"Manchester United FC";"Undirected"
"73";"578";"Manchester United FC";"Undirected"
"73";"647";"Manchester United FC";"Undirected"
"73";"667";"Manchester United FC";"Undirected"
"92";"260";"Manchester United FC";"Undirected"
"92";"278";"Manchester United FC";"Undirected"
"92";"279";"Manchester United FC";"Undirected"
"92";"293";"Manchester United FC";"Undirected"
"92";"295";"Manchester United FC";"Undirected"
"92";"312";"Manchester United FC";"Undirected"
"92";"487";"Manchester United FC";"Undirected"
"92";"507";"Manchester United FC";"Undirected"
"92";"530";"Manchester United FC";"Undirected"
"92";"578";"Manchester United FC";"Undirected"
"92";"647";"Manchester United FC";"Undirected"
"92";"667";"Manchester United FC";"Undirected"
"260";"278";"Manchester United FC";"Undirected"
"260";"279";"Manchester United FC";"Undirected"
"260";"293";"Manchester United FC";"Undirected"
"260";"295";"Manchester United FC";"Undirected"
"260";"312";"Manchester United FC";"Undirected"
"260";"487";"Manchester United FC";"Undirected"
"260";"507";"Manchester United FC";"Undirected"
"260";"530";"Manchester United FC";"Undirected"
"260";"578";"Manchester United FC";"Undirected"
"260";"647";"Manchester United FC";"Undirected"
"260";"667";"Manchester United FC";"Undirected"
"278";"279";"Manchester United FC";"Undirected"
"278";"293";"Manchester United FC";"Undirected"
"278";"295";"Manchester United FC";"Undirected"
"278";"312";"Manchester United FC";"Undirected"
"278";"487";"Manchester United FC";"Undirected"
"278";"507";"Manchester United FC";"Undirected"
"278";"530";"Manchester United FC";"Undirected"
"278";"578";"Manchester United FC";"Undirected"
"278";"647";"Manchester United FC";"Undirected"
"278";"667";"Manchester United FC";"Undirected"
"279";"293";"Manchester United FC";"Undirected"
"279";"295";"Manchester United FC";"Undirected"
"279";"312";"Manchester United FC";"Undirected"
"279";"487";"Manchester United FC";"Undirected"
"279";"507";"Manchester United FC";"Undirected"
"279";"530";"Manchester United FC";"Undirected"
"279";"578";"Manchester United FC";"Undirected"
"279";"647";"Manchester United FC";"Undirected"
"279";"667";"Manchester United FC";"Undirected"
"293";"295";"Manchester United FC";"Undirected"
"293";"312";"Manchester United FC";"Undirected"
"293";"487";"Manchester United FC";"Undirected"
"293";"507";"Manchester United FC";"Undirected"
"293";"530";"Manchester United FC";"Undirected"
"293";"578";"Manchester United FC";"Undirected"
"293";"647";"Manchester United FC";"Undirected"
"293";"667";"Manchester United FC";"Undirected"
"295";"312";"Manchester United FC";"Undirected"
"295";"487";"Manchester United FC";"Undirected"
"295";"507";"Manchester United FC";"Undirected"
"295";"530";"Manchester United FC";"Undirected"
"295";"578";"Manchester United FC";"Undirected"
"295";"647";"Manchester United FC";"Undirected"
"295";"667";"Manchester United FC";"Undirected"
"312";"487";"Manchester United FC";"Undirected"
"312";"507";"Manchester United FC";"Undirected"
"312";"530";"Manchester United FC";"Undirected"
"312";"578";"Manchester United FC";"Undirected"
"312";"647";"Manchester United FC";"Undirected"
"312";"667";"Manchester United FC";"Undirected"
"487";"507";"Manchester United FC";"Undirected"
"487";"530";"Manchester United FC";"Undirected"
"487";"578";"Manchester United FC";"Undirected"
"487";"647";"Manchester United FC";"Undirected"
"487";"667";"Manchester United FC";"Undirected"
"507";"530";"Manchester United FC";"Undirected"
"507";"578";"Manchester United FC";"Undirected"
"507";"647";"Manchester United FC";"Undirected"
"507";"667";"Manchester United FC";"Undirected"
"530";"578";"Manchester United FC";"Undirected"
"530";"647";"Manchester United FC";"Undirected"
"530";"667";"Manchester United FC";"Undirected"
"578";"647";"Manchester United FC";"Undirected"
"578";"667";"Manchester United FC";"Undirected"
"647";"667";"Manchester United FC";"Undirected"
"75";"118";"Chelsea FC";"Undirected"
"75";"120";"Chelsea FC";"Undirected"
"75";"128";"Chelsea FC";"Undirected"
"75";"137";"Chelsea FC";"Undirected"
"75";"140";"Chelsea FC";"Undirected"
"75";"281";"Chelsea FC";"Undirected"
"75";"284";"Chelsea FC";"Undirected"
"75";"324";"Chelsea FC";"Undirected"
"75";"560";"Chelsea FC";"Undirected"
"75";"646";"Chelsea FC";"Undirected"
"75";"665";"Chelsea FC";"Undirected"
"118";"120";"Chelsea FC";"Undirected"
"118";"128";"Chelsea FC";"Undirected"
"118";"137";"Chelsea FC";"Undirected"
"118";"140";"Chelsea FC";"Undirected"
"118";"281";"Chelsea FC";"Undirected"
"118";"284";"Chelsea FC";"Undirected"
"118";"324";"Chelsea FC";"Undirected"
"118";"560";"Chelsea FC";"Undirected"
"118";"646";"Chelsea FC";"Undirected"
"118";"665";"Chelsea FC";"Undirected"
"120";"128";"Chelsea FC";"Undirected"
"120";"137";"Chelsea FC";"Undirected"
"120";"140";"Chelsea FC";"Undirected"
"120";"281";"Chelsea FC";"Undirected"
"120";"284";"Chelsea FC";"Undirected"
"120";"324";"Chelsea FC";"Undirected"
"120";"560";"Chelsea FC";"Undirected"
"120";"646";"Chelsea FC";"Undirected"
"120";"665";"Chelsea FC";"Undirected"
"128";"137";"Chelsea FC";"Undirected"
"128";"140";"Chelsea FC";"Undirected"
"128";"281";"Chelsea FC";"Undirected"
"128";"284";"Chelsea FC";"Undirected"
"128";"324";"Chelsea FC";"Undirected"
"128";"560";"Chelsea FC";"Undirected"
"128";"646";"Chelsea FC";"Undirected"
"128";"665";"Chelsea FC";"Undirected"
"137";"140";"Chelsea FC";"Undirected"
"137";"281";"Chelsea FC";"Undirected"
"137";"284";"Chelsea FC";"Undirected"
"137";"324";"Chelsea FC";"Undirected"
"137";"560";"Chelsea FC";"Undirected"
"137";"646";"Chelsea FC";"Undirected"
"137";"665";"Chelsea FC";"Undirected"
"140";"281";"Chelsea FC";"Undirected"
"140";"284";"Chelsea FC";"Undirected"
"140";"324";"Chelsea FC";"Undirected"
"140";"560";"Chelsea FC";"Undirected"
"140";"646";"Chelsea FC";"Undirected"
"140";"665";"Chelsea FC";"Undirected"
"281";"284";"Chelsea FC";"Undirected"
"281";"324";"Chelsea FC";"Undirected"
"281";"560";"Chelsea FC";"Undirected"
"281";"646";"Chelsea FC";"Undirected"
"281";"665";"Chelsea FC";"Undirected"
"284";"324";"Chelsea FC";"Undirected"
"284";"560";"Chelsea FC";"Undirected"
"284";"646";"Chelsea FC";"Undirected"
"284";"665";"Chelsea FC";"Undirected"
"324";"560";"Chelsea FC";"Undirected"
"324";"646";"Chelsea FC";"Undirected"
"324";"665";"Chelsea FC";"Undirected"
"560";"646";"Chelsea FC";"Undirected"
"560";"665";"Chelsea FC";"Undirected"
"646";"665";"Chelsea FC";"Undirected"
"76";"123";"FC Bayern Muenchen";"Undirected"
"76";"232";"FC Bayern Muenchen";"Undirected"
"76";"325";"FC Bayern Muenchen";"Undirected"
"76";"328";"FC Bayern Muenchen";"Undirected"
"76";"329";"FC Bayern Muenchen";"Undirected"
"76";"330";"FC Bayern Muenchen";"Undirected"
"76";"335";"FC Bayern Muenchen";"Undirected"
"76";"338";"FC Bayern Muenchen";"Undirected"
"76";"339";"FC Bayern Muenchen";"Undirected"
"76";"532";"FC Bayern Muenchen";"Undirected"
"76";"662";"FC Bayern Muenchen";"Undirected"
"76";"671";"FC Bayern Muenchen";"Undirected"
"76";"736";"FC Bayern Muenchen";"Undirected"
"123";"232";"FC Bayern Muenchen";"Undirected"
"123";"325";"FC Bayern Muenchen";"Undirected"
"123";"328";"FC Bayern Muenchen";"Undirected"
"123";"329";"FC Bayern Muenchen";"Undirected"
"123";"330";"FC Bayern Muenchen";"Undirected"
"123";"335";"FC Bayern Muenchen";"Undirected"
"123";"338";"FC Bayern Muenchen";"Undirected"
"123";"339";"FC Bayern Muenchen";"Undirected"
"123";"532";"FC Bayern Muenchen";"Undirected"
"123";"662";"FC Bayern Muenchen";"Undirected"
"123";"671";"FC Bayern Muenchen";"Undirected"
"123";"736";"FC Bayern Muenchen";"Undirected"
"232";"325";"FC Bayern Muenchen";"Undirected"
"232";"328";"FC Bayern Muenchen";"Undirected"
"232";"329";"FC Bayern Muenchen";"Undirected"
"232";"330";"FC Bayern Muenchen";"Undirected"
"232";"335";"FC Bayern Muenchen";"Undirected"
"232";"338";"FC Bayern Muenchen";"Undirected"
"232";"339";"FC Bayern Muenchen";"Undirected"
"232";"532";"FC Bayern Muenchen";"Undirected"
"232";"662";"FC Bayern Muenchen";"Undirected"
"232";"671";"FC Bayern Muenchen";"Undirected"
"232";"736";"FC Bayern Muenchen";"Undirected"
"325";"328";"FC Bayern Muenchen";"Undirected"
"325";"329";"FC Bayern Muenchen";"Undirected"
"325";"330";"FC Bayern Muenchen";"Undirected"
"325";"335";"FC Bayern Muenchen";"Undirected"
"325";"338";"FC Bayern Muenchen";"Undirected"
"325";"339";"FC Bayern Muenchen";"Undirected"
"325";"532";"FC Bayern Muenchen";"Undirected"
"325";"662";"FC Bayern Muenchen";"Undirected"
"325";"671";"FC Bayern Muenchen";"Undirected"
"325";"736";"FC Bayern Muenchen";"Undirected"
"328";"329";"FC Bayern Muenchen";"Undirected"
"328";"330";"FC Bayern Muenchen";"Undirected"
"328";"335";"FC Bayern Muenchen";"Undirected"
"328";"338";"FC Bayern Muenchen";"Undirected"
"328";"339";"FC Bayern Muenchen";"Undirected"
"328";"532";"FC Bayern Muenchen";"Undirected"
"328";"662";"FC Bayern Muenchen";"Undirected"
"328";"671";"FC Bayern Muenchen";"Undirected"
"328";"736";"FC Bayern Muenchen";"Undirected"
"329";"330";"FC Bayern Muenchen";"Undirected"
"329";"335";"FC Bayern Muenchen";"Undirected"
"329";"338";"FC Bayern Muenchen";"Undirected"
"329";"339";"FC Bayern Muenchen";"Undirected"
"329";"532";"FC Bayern Muenchen";"Undirected"
"329";"662";"FC Bayern Muenchen";"Undirected"
"329";"671";"FC Bayern Muenchen";"Undirected"
"329";"736";"FC Bayern Muenchen";"Undirected"
"330";"335";"FC Bayern Muenchen";"Undirected"
"330";"338";"FC Bayern Muenchen";"Undirected"
"330";"339";"FC Bayern Muenchen";"Undirected"
"330";"532";"FC Bayern Muenchen";"Undirected"
"330";"662";"FC Bayern Muenchen";"Undirected"
"330";"671";"FC Bayern Muenchen";"Undirected"
"330";"736";"FC Bayern Muenchen";"Undirected"
"335";"338";"FC Bayern Muenchen";"Undirected"
"335";"339";"FC Bayern Muenchen";"Undirected"
"335";"532";"FC Bayern Muenchen";"Undirected"
"335";"662";"FC Bayern Muenchen";"Undirected"
"335";"671";"FC Bayern Muenchen";"Undirected"
"335";"736";"FC Bayern Muenchen";"Undirected"
"338";"339";"FC Bayern Muenchen";"Undirected"
"338";"532";"FC Bayern Muenchen";"Undirected"
"338";"662";"FC Bayern Muenchen";"Undirected"
"338";"671";"FC Bayern Muenchen";"Undirected"
"338";"736";"FC Bayern Muenchen";"Undirected"
"339";"532";"FC Bayern Muenchen";"Undirected"
"339";"662";"FC Bayern Muenchen";"Undirected"
"339";"671";"FC Bayern Muenchen";"Undirected"
"339";"736";"FC Bayern Muenchen";"Undirected"
"532";"662";"FC Bayern Muenchen";"Undirected"
"532";"671";"FC Bayern Muenchen";"Undirected"
"532";"736";"FC Bayern Muenchen";"Undirected"
"662";"671";"FC Bayern Muenchen";"Undirected"
"662";"736";"FC Bayern Muenchen";"Undirected"
"671";"736";"FC Bayern Muenchen";"Undirected"
"77";"80";"FC Zenit St. Petersburg";"Undirected"
"77";"121";"FC Zenit St. Petersburg";"Undirected"
"77";"594";"FC Zenit St. Petersburg";"Undirected"
"77";"598";"FC Zenit St. Petersburg";"Undirected"
"77";"599";"FC Zenit St. Petersburg";"Undirected"
"77";"603";"FC Zenit St. Petersburg";"Undirected"
"77";"618";"FC Zenit St. Petersburg";"Undirected"
"80";"121";"FC Zenit St. Petersburg";"Undirected"
"80";"594";"FC Zenit St. Petersburg";"Undirected"
"80";"598";"FC Zenit St. Petersburg";"Undirected"
"80";"599";"FC Zenit St. Petersburg";"Undirected"
"80";"603";"FC Zenit St. Petersburg";"Undirected"
"80";"618";"FC Zenit St. Petersburg";"Undirected"
"121";"594";"FC Zenit St. Petersburg";"Undirected"
"121";"598";"FC Zenit St. Petersburg";"Undirected"
"121";"599";"FC Zenit St. Petersburg";"Undirected"
"121";"603";"FC Zenit St. Petersburg";"Undirected"
"121";"618";"FC Zenit St. Petersburg";"Undirected"
"594";"598";"FC Zenit St. Petersburg";"Undirected"
"594";"599";"FC Zenit St. Petersburg";"Undirected"
"594";"603";"FC Zenit St. Petersburg";"Undirected"
"594";"618";"FC Zenit St. Petersburg";"Undirected"
"598";"599";"FC Zenit St. Petersburg";"Undirected"
"598";"603";"FC Zenit St. Petersburg";"Undirected"
"598";"618";"FC Zenit St. Petersburg";"Undirected"
"599";"603";"FC Zenit St. Petersburg";"Undirected"
"599";"618";"FC Zenit St. Petersburg";"Undirected"
"603";"618";"FC Zenit St. Petersburg";"Undirected"
"84";"400";"RSC Anderlecht";"Undirected"
"85";"89";"Atletico Madrid";"Undirected"
"85";"644";"Atletico Madrid";"Undirected"
"85";"653";"Atletico Madrid";"Undirected"
"85";"664";"Atletico Madrid";"Undirected"
"85";"666";"Atletico Madrid";"Undirected"
"85";"697";"Atletico Madrid";"Undirected"
"85";"701";"Atletico Madrid";"Undirected"
"85";"712";"Atletico Madrid";"Undirected"
"89";"644";"Atletico Madrid";"Undirected"
"89";"653";"Atletico Madrid";"Undirected"
"89";"664";"Atletico Madrid";"Undirected"
"89";"666";"Atletico Madrid";"Undirected"
"89";"697";"Atletico Madrid";"Undirected"
"89";"701";"Atletico Madrid";"Undirected"
"89";"712";"Atletico Madrid";"Undirected"
"644";"653";"Atletico Madrid";"Undirected"
"644";"664";"Atletico Madrid";"Undirected"
"644";"666";"Atletico Madrid";"Undirected"
"644";"697";"Atletico Madrid";"Undirected"
"644";"701";"Atletico Madrid";"Undirected"
"644";"712";"Atletico Madrid";"Undirected"
"653";"664";"Atletico Madrid";"Undirected"
"653";"666";"Atletico Madrid";"Undirected"
"653";"697";"Atletico Madrid";"Undirected"
"653";"701";"Atletico Madrid";"Undirected"
"653";"712";"Atletico Madrid";"Undirected"
"664";"666";"Atletico Madrid";"Undirected"
"664";"697";"Atletico Madrid";"Undirected"
"664";"701";"Atletico Madrid";"Undirected"
"664";"712";"Atletico Madrid";"Undirected"
"666";"697";"Atletico Madrid";"Undirected"
"666";"701";"Atletico Madrid";"Undirected"
"666";"712";"Atletico Madrid";"Undirected"
"697";"701";"Atletico Madrid";"Undirected"
"697";"712";"Atletico Madrid";"Undirected"
"701";"712";"Atletico Madrid";"Undirected"
"86";"282";"Arsenal FC";"Undirected"
"86";"296";"Arsenal FC";"Undirected"
"86";"302";"Arsenal FC";"Undirected"
"86";"313";"Arsenal FC";"Undirected"
"86";"315";"Arsenal FC";"Undirected"
"86";"323";"Arsenal FC";"Undirected"
"86";"327";"Arsenal FC";"Undirected"
"86";"336";"Arsenal FC";"Undirected"
"86";"651";"Arsenal FC";"Undirected"
"282";"296";"Arsenal FC";"Undirected"
"282";"302";"Arsenal FC";"Undirected"
"282";"313";"Arsenal FC";"Undirected"
"282";"315";"Arsenal FC";"Undirected"
"282";"323";"Arsenal FC";"Undirected"
"282";"327";"Arsenal FC";"Undirected"
"282";"336";"Arsenal FC";"Undirected"
"282";"651";"Arsenal FC";"Undirected"
"296";"302";"Arsenal FC";"Undirected"
"296";"313";"Arsenal FC";"Undirected"
"296";"315";"Arsenal FC";"Undirected"
"296";"323";"Arsenal FC";"Undirected"
"296";"327";"Arsenal FC";"Undirected"
"296";"336";"Arsenal FC";"Undirected"
"296";"651";"Arsenal FC";"Undirected"
"302";"313";"Arsenal FC";"Undirected"
"302";"315";"Arsenal FC";"Undirected"
"302";"323";"Arsenal FC";"Undirected"
"302";"327";"Arsenal FC";"Undirected"
"302";"336";"Arsenal FC";"Undirected"
"302";"651";"Arsenal FC";"Undirected"
"313";"315";"Arsenal FC";"Undirected"
"313";"323";"Arsenal FC";"Undirected"
"313";"327";"Arsenal FC";"Undirected"
"313";"336";"Arsenal FC";"Undirected"
"313";"651";"Arsenal FC";"Undirected"
"315";"323";"Arsenal FC";"Undirected"
"315";"327";"Arsenal FC";"Undirected"
"315";"336";"Arsenal FC";"Undirected"
"315";"651";"Arsenal FC";"Undirected"
"323";"327";"Arsenal FC";"Undirected"
"323";"336";"Arsenal FC";"Undirected"
"323";"651";"Arsenal FC";"Undirected"
"327";"336";"Arsenal FC";"Undirected"
"327";"651";"Arsenal FC";"Undirected"
"336";"651";"Arsenal FC";"Undirected"
"87";"366";"Standard Liege";"Undirected"
"87";"499";"Standard Liege";"Undirected"
"366";"499";"Standard Liege";"Undirected"
"88";"280";"Liverpool FC";"Undirected"
"88";"283";"Liverpool FC";"Undirected"
"88";"288";"Liverpool FC";"Undirected"
"88";"294";"Liverpool FC";"Undirected"
"88";"298";"Liverpool FC";"Undirected"
"88";"307";"Liverpool FC";"Undirected"
"88";"467";"Liverpool FC";"Undirected"
"88";"556";"Liverpool FC";"Undirected"
"88";"692";"Liverpool FC";"Undirected"
"280";"283";"Liverpool FC";"Undirected"
"280";"288";"Liverpool FC";"Undirected"
"280";"294";"Liverpool FC";"Undirected"
"280";"298";"Liverpool FC";"Undirected"
"280";"307";"Liverpool FC";"Undirected"
"280";"467";"Liverpool FC";"Undirected"
"280";"556";"Liverpool FC";"Undirected"
"280";"692";"Liverpool FC";"Undirected"
"283";"288";"Liverpool FC";"Undirected"
"283";"294";"Liverpool FC";"Undirected"
"283";"298";"Liverpool FC";"Undirected"
"283";"307";"Liverpool FC";"Undirected"
"283";"467";"Liverpool FC";"Undirected"
"283";"556";"Liverpool FC";"Undirected"
"283";"692";"Liverpool FC";"Undirected"
"288";"294";"Liverpool FC";"Undirected"
"288";"298";"Liverpool FC";"Undirected"
"288";"307";"Liverpool FC";"Undirected"
"288";"467";"Liverpool FC";"Undirected"
"288";"556";"Liverpool FC";"Undirected"
"288";"692";"Liverpool FC";"Undirected"
"294";"298";"Liverpool FC";"Undirected"
"294";"307";"Liverpool FC";"Undirected"
"294";"467";"Liverpool FC";"Undirected"
"294";"556";"Liverpool FC";"Undirected"
"294";"692";"Liverpool FC";"Undirected"
"298";"307";"Liverpool FC";"Undirected"
"298";"467";"Liverpool FC";"Undirected"
"298";"556";"Liverpool FC";"Undirected"
"298";"692";"Liverpool FC";"Undirected"
"307";"467";"Liverpool FC";"Undirected"
"307";"556";"Liverpool FC";"Undirected"
"307";"692";"Liverpool FC";"Undirected"
"467";"556";"Liverpool FC";"Undirected"
"467";"692";"Liverpool FC";"Undirected"
"556";"692";"Liverpool FC";"Undirected"
"90";"314";"Lille OSC";"Undirected"
"90";"462";"Lille OSC";"Undirected"
"90";"566";"Lille OSC";"Undirected"
"314";"462";"Lille OSC";"Undirected"
"314";"566";"Lille OSC";"Undirected"
"462";"566";"Lille OSC";"Undirected"
"91";"142";"SV Zulte Waregem";"Undirected"
"94";"276";"VfB Stuttgart";"Undirected"
"94";"470";"VfB Stuttgart";"Undirected"
"94";"504";"VfB Stuttgart";"Undirected"
"276";"470";"VfB Stuttgart";"Undirected"
"276";"504";"VfB Stuttgart";"Undirected"
"470";"504";"VfB Stuttgart";"Undirected"
"96";"149";"Galatasaray SK";"Undirected"
"96";"460";"Galatasaray SK";"Undirected"
"96";"533";"Galatasaray SK";"Undirected"
"96";"709";"Galatasaray SK";"Undirected"
"149";"460";"Galatasaray SK";"Undirected"
"149";"533";"Galatasaray SK";"Undirected"
"149";"709";"Galatasaray SK";"Undirected"
"460";"533";"Galatasaray SK";"Undirected"
"460";"709";"Galatasaray SK";"Undirected"
"533";"709";"Galatasaray SK";"Undirected"
"97";"127";"AS Roma";"Undirected"
"97";"373";"AS Roma";"Undirected"
"97";"441";"AS Roma";"Undirected"
"97";"464";"AS Roma";"Undirected"
"127";"373";"AS Roma";"Undirected"
"127";"441";"AS Roma";"Undirected"
"127";"464";"AS Roma";"Undirected"
"373";"441";"AS Roma";"Undirected"
"373";"464";"AS Roma";"Undirected"
"441";"464";"AS Roma";"Undirected"
"99";"434";"Eintracht Braunschweig";"Undirected"
"100";"722";"TSG 1899 Hoffenheim";"Undirected"
"102";"513";"Bayer 04 Leverkusen";"Undirected"
"102";"625";"Bayer 04 Leverkusen";"Undirected"
"513";"625";"Bayer 04 Leverkusen";"Undirected"
"105";"344";"SC Freiburg";"Undirected"
"105";"680";"SC Freiburg";"Undirected"
"105";"681";"SC Freiburg";"Undirected"
"344";"680";"SC Freiburg";"Undirected"
"344";"681";"SC Freiburg";"Undirected"
"680";"681";"SC Freiburg";"Undirected"
"106";"112";"HNK Hajduk Split";"Undirected"
"107";"401";"Stoke City FC";"Undirected"
"107";"557";"Stoke City FC";"Undirected"
"107";"724";"Stoke City FC";"Undirected"
"401";"557";"Stoke City FC";"Undirected"
"401";"724";"Stoke City FC";"Undirected"
"557";"724";"Stoke City FC";"Undirected"
"114";"158";"FC Schalke 04";"Undirected"
"114";"331";"FC Schalke 04";"Undirected"
"114";"334";"FC Schalke 04";"Undirected"
"114";"351";"FC Schalke 04";"Undirected"
"114";"496";"FC Schalke 04";"Undirected"
"114";"529";"FC Schalke 04";"Undirected"
"158";"331";"FC Schalke 04";"Undirected"
"158";"334";"FC Schalke 04";"Undirected"
"158";"351";"FC Schalke 04";"Undirected"
"158";"496";"FC Schalke 04";"Undirected"
"158";"529";"FC Schalke 04";"Undirected"
"331";"334";"FC Schalke 04";"Undirected"
"331";"351";"FC Schalke 04";"Undirected"
"331";"496";"FC Schalke 04";"Undirected"
"331";"529";"FC Schalke 04";"Undirected"
"334";"351";"FC Schalke 04";"Undirected"
"334";"496";"FC Schalke 04";"Undirected"
"334";"529";"FC Schalke 04";"Undirected"
"351";"496";"FC Schalke 04";"Undirected"
"351";"529";"FC Schalke 04";"Undirected"
"496";"529";"FC Schalke 04";"Undirected"
"119";"135";"Atletico Mineiro";"Undirected"
"126";"231";"Shakhtar Donetsk";"Undirected"
"126";"235";"Shakhtar Donetsk";"Undirected"
"231";"235";"Shakhtar Donetsk";"Undirected"
"133";"720";"Toronto FC";"Undirected"
"136";"696";"Botafogo FR";"Undirected"
"139";"222";"FSV Mainz 05";"Undirected"
"139";"483";"FSV Mainz 05";"Undirected"
"139";"622";"FSV Mainz 05";"Undirected"
"139";"637";"FSV Mainz 05";"Undirected"
"222";"483";"FSV Mainz 05";"Undirected"
"222";"622";"FSV Mainz 05";"Undirected"
"222";"637";"FSV Mainz 05";"Undirected"
"483";"622";"FSV Mainz 05";"Undirected"
"483";"637";"FSV Mainz 05";"Undirected"
"622";"637";"FSV Mainz 05";"Undirected"
"141";"535";"Fenerbahce SK";"Undirected"
"141";"553";"Fenerbahce SK";"Undirected"
"141";"580";"Fenerbahce SK";"Undirected"
"141";"581";"Fenerbahce SK";"Undirected"
"535";"553";"Fenerbahce SK";"Undirected"
"535";"580";"Fenerbahce SK";"Undirected"
"535";"581";"Fenerbahce SK";"Undirected"
"553";"580";"Fenerbahce SK";"Undirected"
"553";"581";"Fenerbahce SK";"Undirected"
"580";"581";"Fenerbahce SK";"Undirected"
"145";"355";"Stade Rennais FC";"Undirected"
"146";"186";"Sevilla FC";"Undirected"
"146";"237";"Sevilla FC";"Undirected"
"146";"587";"Sevilla FC";"Undirected"
"186";"237";"Sevilla FC";"Undirected"
"186";"587";"Sevilla FC";"Undirected"
"237";"587";"Sevilla FC";"Undirected"
"150";"368";"Konyaspor";"Undirected"
"151";"640";"Queens Park Rangers FC";"Undirected"
"153";"577";"Besiktas JK";"Undirected"
"153";"723";"Besiktas JK";"Undirected"
"577";"723";"Besiktas JK";"Undirected"
"156";"306";"Olympique Marseille";"Undirected"
"156";"356";"Olympique Marseille";"Undirected"
"306";"356";"Olympique Marseille";"Undirected"
"159";"160";"Coton Sport FC";"Undirected"
"165";"179";"CSD Colo-Colo";"Undirected"
"166";"190";"Cagliari Calcio";"Undirected"
"167";"178";"Juventus FC";"Undirected"
"167";"304";"Juventus FC";"Undirected"
"167";"358";"Juventus FC";"Undirected"
"167";"443";"Juventus FC";"Undirected"
"167";"444";"Juventus FC";"Undirected"
"167";"445";"Juventus FC";"Undirected"
"167";"447";"Juventus FC";"Undirected"
"167";"449";"Juventus FC";"Undirected"
"167";"450";"Juventus FC";"Undirected"
"167";"679";"Juventus FC";"Undirected"
"167";"704";"Juventus FC";"Undirected"
"178";"304";"Juventus FC";"Undirected"
"178";"358";"Juventus FC";"Undirected"
"178";"443";"Juventus FC";"Undirected"
"178";"444";"Juventus FC";"Undirected"
"178";"445";"Juventus FC";"Undirected"
"178";"447";"Juventus FC";"Undirected"
"178";"449";"Juventus FC";"Undirected"
"178";"450";"Juventus FC";"Undirected"
"178";"679";"Juventus FC";"Undirected"
"178";"704";"Juventus FC";"Undirected"
"304";"358";"Juventus FC";"Undirected"
"304";"443";"Juventus FC";"Undirected"
"304";"444";"Juventus FC";"Undirected"
"304";"445";"Juventus FC";"Undirected"
"304";"447";"Juventus FC";"Undirected"
"304";"449";"Juventus FC";"Undirected"
"304";"450";"Juventus FC";"Undirected"
"304";"679";"Juventus FC";"Undirected"
"304";"704";"Juventus FC";"Undirected"
"358";"443";"Juventus FC";"Undirected"
"358";"444";"Juventus FC";"Undirected"
"358";"445";"Juventus FC";"Undirected"
"358";"447";"Juventus FC";"Undirected"
"358";"449";"Juventus FC";"Undirected"
"358";"450";"Juventus FC";"Undirected"
"358";"679";"Juventus FC";"Undirected"
"358";"704";"Juventus FC";"Undirected"
"443";"444";"Juventus FC";"Undirected"
"443";"445";"Juventus FC";"Undirected"
"443";"447";"Juventus FC";"Undirected"
"443";"449";"Juventus FC";"Undirected"
"443";"450";"Juventus FC";"Undirected"
"443";"679";"Juventus FC";"Undirected"
"443";"704";"Juventus FC";"Undirected"
"444";"445";"Juventus FC";"Undirected"
"444";"447";"Juventus FC";"Undirected"
"444";"449";"Juventus FC";"Undirected"
"444";"450";"Juventus FC";"Undirected"
"444";"679";"Juventus FC";"Undirected"
"444";"704";"Juventus FC";"Undirected"
"445";"447";"Juventus FC";"Undirected"
"445";"449";"Juventus FC";"Undirected"
"445";"450";"Juventus FC";"Undirected"
"445";"679";"Juventus FC";"Undirected"
"445";"704";"Juventus FC";"Undirected"
"447";"449";"Juventus FC";"Undirected"
"447";"450";"Juventus FC";"Undirected"
"447";"679";"Juventus FC";"Undirected"
"447";"704";"Juventus FC";"Undirected"
"449";"450";"Juventus FC";"Undirected"
"449";"679";"Juventus FC";"Undirected"
"449";"704";"Juventus FC";"Undirected"
"450";"679";"Juventus FC";"Undirected"
"450";"704";"Juventus FC";"Undirected"
"679";"704";"Juventus FC";"Undirected"
"170";"396";"Wigan Athletic FC";"Undirected"
"170";"405";"Wigan Athletic FC";"Undirected"
"396";"405";"Wigan Athletic FC";"Undirected"
"171";"629";"Cardiff City FC";"Undirected"
"175";"181";"Club Universidad de Chile";"Undirected"
"176";"473";"FC Basel";"Undirected"
"176";"477";"FC Basel";"Undirected"
"176";"668";"FC Basel";"Undirected"
"176";"675";"FC Basel";"Undirected"
"176";"688";"FC Basel";"Undirected"
"473";"477";"FC Basel";"Undirected"
"473";"668";"FC Basel";"Undirected"
"473";"675";"FC Basel";"Undirected"
"473";"688";"FC Basel";"Undirected"
"477";"668";"FC Basel";"Undirected"
"477";"675";"FC Basel";"Undirected"
"477";"688";"FC Basel";"Undirected"
"668";"675";"FC Basel";"Undirected"
"668";"688";"FC Basel";"Undirected"
"675";"688";"FC Basel";"Undirected"
"180";"195";"Atalanta Bergamo";"Undirected"
"182";"300";"Real Sociedad";"Undirected"
"182";"677";"Real Sociedad";"Undirected"
"300";"677";"Real Sociedad";"Undirected"
"185";"196";"CA River Plate";"Undirected"
"185";"205";"CA River Plate";"Undirected"
"196";"205";"CA River Plate";"Undirected"
"191";"233";"ACF Fiorentina";"Undirected"
"191";"442";"ACF Fiorentina";"Undirected"
"233";"442";"ACF Fiorentina";"Undirected"
"192";"481";"Toulouse FC";"Undirected"
"192";"482";"Toulouse FC";"Undirected"
"481";"482";"Toulouse FC";"Undirected"
"193";"734";"Hertha BSC";"Undirected"
"201";"347";"AC Milan";"Undirected"
"201";"353";"AC Milan";"Undirected"
"201";"437";"AC Milan";"Undirected"
"201";"446";"AC Milan";"Undirected"
"201";"458";"AC Milan";"Undirected"
"201";"486";"AC Milan";"Undirected"
"201";"538";"AC Milan";"Undirected"
"347";"353";"AC Milan";"Undirected"
"347";"437";"AC Milan";"Undirected"
"347";"446";"AC Milan";"Undirected"
"347";"458";"AC Milan";"Undirected"
"347";"486";"AC Milan";"Undirected"
"347";"538";"AC Milan";"Undirected"
"353";"437";"AC Milan";"Undirected"
"353";"446";"AC Milan";"Undirected"
"353";"458";"AC Milan";"Undirected"
"353";"486";"AC Milan";"Undirected"
"353";"538";"AC Milan";"Undirected"
"437";"446";"AC Milan";"Undirected"
"437";"458";"AC Milan";"Undirected"
"437";"486";"AC Milan";"Undirected"
"437";"538";"AC Milan";"Undirected"
"446";"458";"AC Milan";"Undirected"
"446";"486";"AC Milan";"Undirected"
"446";"538";"AC Milan";"Undirected"
"458";"486";"AC Milan";"Undirected"
"458";"538";"AC Milan";"Undirected"
"486";"538";"AC Milan";"Undirected"
"204";"211";"PSV Eindhoven";"Undirected"
"204";"534";"PSV Eindhoven";"Undirected"
"204";"551";"PSV Eindhoven";"Undirected"
"211";"534";"PSV Eindhoven";"Undirected"
"211";"551";"PSV Eindhoven";"Undirected"
"534";"551";"PSV Eindhoven";"Undirected"
"207";"259";"Independiente Santa Fe";"Undirected"
"208";"364";"Kuban Krasnodar";"Undirected"
"209";"377";"Olympiacos Piraeus FC";"Undirected"
"209";"383";"Olympiacos Piraeus FC";"Undirected"
"209";"387";"Olympiacos Piraeus FC";"Undirected"
"209";"389";"Olympiacos Piraeus FC";"Undirected"
"377";"383";"Olympiacos Piraeus FC";"Undirected"
"377";"387";"Olympiacos Piraeus FC";"Undirected"
"377";"389";"Olympiacos Piraeus FC";"Undirected"
"383";"387";"Olympiacos Piraeus FC";"Undirected"
"383";"389";"Olympiacos Piraeus FC";"Undirected"
"387";"389";"Olympiacos Piraeus FC";"Undirected"
"215";"229";"Columbus Crew";"Undirected"
"216";"225";"CS Herediano";"Undirected"
"216";"226";"CS Herediano";"Undirected"
"225";"226";"CS Herediano";"Undirected"
"217";"223";"Deportivo Saprissa";"Undirected"
"217";"230";"Deportivo Saprissa";"Undirected"
"223";"230";"Deportivo Saprissa";"Undirected"
"218";"718";"Rosenborg BK";"Undirected"
"219";"224";"LD Alajuelense";"Undirected"
"219";"393";"LD Alajuelense";"Undirected"
"224";"393";"LD Alajuelense";"Undirected"
"227";"379";"Levante UD";"Undirected"
"236";"404";"Hull City FC";"Undirected"
"240";"277";"Southampton FC";"Undirected"
"240";"292";"Southampton FC";"Undirected"
"240";"299";"Southampton FC";"Undirected"
"240";"492";"Southampton FC";"Undirected"
"240";"649";"Southampton FC";"Undirected"
"240";"711";"Southampton FC";"Undirected"
"277";"292";"Southampton FC";"Undirected"
"277";"299";"Southampton FC";"Undirected"
"277";"492";"Southampton FC";"Undirected"
"277";"649";"Southampton FC";"Undirected"
"277";"711";"Southampton FC";"Undirected"
"292";"299";"Southampton FC";"Undirected"
"292";"492";"Southampton FC";"Undirected"
"292";"649";"Southampton FC";"Undirected"
"292";"711";"Southampton FC";"Undirected"
"299";"492";"Southampton FC";"Undirected"
"299";"649";"Southampton FC";"Undirected"
"299";"711";"Southampton FC";"Undirected"
"492";"649";"Southampton FC";"Undirected"
"492";"711";"Southampton FC";"Undirected"
"649";"711";"Southampton FC";"Undirected"
"241";"243";"FC Dynamo Kyiv";"Undirected"
"241";"531";"FC Dynamo Kyiv";"Undirected"
"241";"585";"FC Dynamo Kyiv";"Undirected"
"243";"531";"FC Dynamo Kyiv";"Undirected"
"243";"585";"FC Dynamo Kyiv";"Undirected"
"531";"585";"FC Dynamo Kyiv";"Undirected"
"242";"604";"FC Lokomotiv Moscow";"Undirected"
"245";"246";"Panathinaikos FC";"Undirected"
"245";"390";"Panathinaikos FC";"Undirected"
"246";"390";"Panathinaikos FC";"Undirected"
"249";"371";"Genoa CFC";"Undirected"
"249";"459";"Genoa CFC";"Undirected"
"371";"459";"Genoa CFC";"Undirected"
"254";"263";"CF Pachuca";"Undirected"
"256";"257";"Club Tijuana";"Undirected"
"258";"706";"CA Monarcas Morelia";"Undirected"
"264";"509";"Cruz Azul FC";"Undirected"
"264";"520";"Cruz Azul FC";"Undirected"
"509";"520";"Cruz Azul FC";"Undirected"
"265";"602";"FC Dynamo Moscow";"Undirected"
"265";"610";"FC Dynamo Moscow";"Undirected"
"265";"612";"FC Dynamo Moscow";"Undirected"
"265";"614";"FC Dynamo Moscow";"Undirected"
"265";"615";"FC Dynamo Moscow";"Undirected"
"265";"617";"FC Dynamo Moscow";"Undirected"
"602";"610";"FC Dynamo Moscow";"Undirected"
"602";"612";"FC Dynamo Moscow";"Undirected"
"602";"614";"FC Dynamo Moscow";"Undirected"
"602";"615";"FC Dynamo Moscow";"Undirected"
"602";"617";"FC Dynamo Moscow";"Undirected"
"610";"612";"FC Dynamo Moscow";"Undirected"
"610";"614";"FC Dynamo Moscow";"Undirected"
"610";"615";"FC Dynamo Moscow";"Undirected"
"610";"617";"FC Dynamo Moscow";"Undirected"
"612";"614";"FC Dynamo Moscow";"Undirected"
"612";"615";"FC Dynamo Moscow";"Undirected"
"612";"617";"FC Dynamo Moscow";"Undirected"
"614";"615";"FC Dynamo Moscow";"Undirected"
"614";"617";"FC Dynamo Moscow";"Undirected"
"615";"617";"FC Dynamo Moscow";"Undirected"
"266";"268";"CS Emelec";"Undirected"
"266";"270";"CS Emelec";"Undirected"
"268";"270";"CS Emelec";"Undirected"
"269";"271";"Barcelona SC";"Undirected"
"269";"273";"Barcelona SC";"Undirected"
"271";"273";"Barcelona SC";"Undirected"
"275";"350";"Vitesse Arnheim";"Undirected"
"289";"699";"West Bromwich Albion FC";"Undirected"
"291";"372";"Celtic FC";"Undirected"
"291";"407";"Celtic FC";"Undirected"
"291";"565";"Celtic FC";"Undirected"
"372";"407";"Celtic FC";"Undirected"
"372";"565";"Celtic FC";"Undirected"
"407";"565";"Celtic FC";"Undirected"
"303";"308";"Newcastle United FC";"Undirected"
"303";"318";"Newcastle United FC";"Undirected"
"303";"469";"Newcastle United FC";"Undirected"
"303";"541";"Newcastle United FC";"Undirected"
"303";"554";"Newcastle United FC";"Undirected"
"308";"318";"Newcastle United FC";"Undirected"
"308";"469";"Newcastle United FC";"Undirected"
"308";"541";"Newcastle United FC";"Undirected"
"308";"554";"Newcastle United FC";"Undirected"
"318";"469";"Newcastle United FC";"Undirected"
"318";"541";"Newcastle United FC";"Undirected"
"318";"554";"Newcastle United FC";"Undirected"
"469";"541";"Newcastle United FC";"Undirected"
"469";"554";"Newcastle United FC";"Undirected"
"541";"554";"Newcastle United FC";"Undirected"
"316";"466";"AS Saint-Etienne";"Undirected"
"316";"480";"AS Saint-Etienne";"Undirected"
"466";"480";"AS Saint-Etienne";"Undirected"
"340";"463";"Hannover 96";"Undirected"
"340";"503";"Hannover 96";"Undirected"
"463";"503";"Hannover 96";"Undirected"
"342";"673";"Borussia Moenchengladbach";"Undirected"
"346";"600";"FC Rubin Kazan";"Undirected"
"346";"609";"FC Rubin Kazan";"Undirected"
"600";"609";"FC Rubin Kazan";"Undirected"
"349";"438";"Parma FC";"Undirected"
"349";"451";"Parma FC";"Undirected"
"349";"452";"Parma FC";"Undirected"
"349";"705";"Parma FC";"Undirected"
"438";"451";"Parma FC";"Undirected"
"438";"452";"Parma FC";"Undirected"
"438";"705";"Parma FC";"Undirected"
"451";"452";"Parma FC";"Undirected"
"451";"705";"Parma FC";"Undirected"
"452";"705";"Parma FC";"Undirected"
"357";"574";"Middlesbrough FC";"Undirected"
"369";"375";"Fulham FC";"Undirected"
"369";"415";"Fulham FC";"Undirected"
"375";"415";"Fulham FC";"Undirected"
"370";"374";"PAOK FC";"Undirected"
"370";"382";"PAOK FC";"Undirected"
"370";"386";"PAOK FC";"Undirected"
"374";"382";"PAOK FC";"Undirected"
"374";"386";"PAOK FC";"Undirected"
"382";"386";"PAOK FC";"Undirected"
"376";"385";"Bologna FC";"Undirected"
"376";"703";"Bologna FC";"Undirected"
"385";"703";"Bologna FC";"Undirected"
"388";"455";"Torino FC";"Undirected"
"388";"456";"Torino FC";"Undirected"
"388";"457";"Torino FC";"Undirected"
"455";"456";"Torino FC";"Undirected"
"455";"457";"Torino FC";"Undirected"
"456";"457";"Torino FC";"Undirected"
"391";"398";"Real Espana";"Undirected"
"391";"411";"Real Espana";"Undirected"
"391";"413";"Real Espana";"Undirected"
"398";"411";"Real Espana";"Undirected"
"398";"413";"Real Espana";"Undirected"
"411";"413";"Real Espana";"Undirected"
"397";"399";"CD Motagua";"Undirected"
"402";"408";"CD Olimpia";"Undirected"
"402";"409";"CD Olimpia";"Undirected"
"402";"412";"CD Olimpia";"Undirected"
"408";"409";"CD Olimpia";"Undirected"
"408";"412";"CD Olimpia";"Undirected"
"409";"412";"CD Olimpia";"Undirected"
"403";"714";"San Jose Earthquakes";"Undirected"
"406";"729";"Houston Dynamo";"Undirected"
"420";"423";"Esteghlal Tehran FC";"Undirected"
"420";"424";"Esteghlal Tehran FC";"Undirected"
"420";"429";"Esteghlal Tehran FC";"Undirected"
"423";"424";"Esteghlal Tehran FC";"Undirected"
"423";"429";"Esteghlal Tehran FC";"Undirected"
"424";"429";"Esteghlal Tehran FC";"Undirected"
"422";"430";"Perspolis FC";"Undirected"
"422";"431";"Perspolis FC";"Undirected"
"422";"435";"Perspolis FC";"Undirected"
"430";"431";"Perspolis FC";"Undirected"
"430";"435";"Perspolis FC";"Undirected"
"431";"435";"Perspolis FC";"Undirected"
"426";"427";"Sepahan FC";"Undirected"
"461";"539";"Swansea City AFC";"Undirected"
"461";"542";"Swansea City AFC";"Undirected"
"539";"542";"Swansea City AFC";"Undirected"
"468";"471";"Trabzonspor";"Undirected"
"474";"564";"Caykur Rizespor";"Undirected"
"475";"674";"Eintracht Frankfurt";"Undirected"
"484";"505";"Cerezo Osaka";"Undirected"
"484";"694";"Cerezo Osaka";"Undirected"
"505";"694";"Cerezo Osaka";"Undirected"
"489";"502";"FC Tokyo";"Undirected"
"491";"498";"Gamba Osaka";"Undirected"
"495";"497";"1. FC Nuernberg";"Undirected"
"495";"669";"1. FC Nuernberg";"Undirected"
"495";"733";"1. FC Nuernberg";"Undirected"
"497";"669";"1. FC Nuernberg";"Undirected"
"497";"733";"1. FC Nuernberg";"Undirected"
"669";"733";"1. FC Nuernberg";"Undirected"
"501";"641";"Sanfrecce Hiroshima";"Undirected"
"506";"516";"Tigres UANL";"Undirected"
"510";"526";"Villarreal CF";"Undirected"
"511";"512";"Club America";"Undirected"
"511";"515";"Club America";"Undirected"
"511";"519";"Club America";"Undirected"
"512";"515";"Club America";"Undirected"
"512";"519";"Club America";"Undirected"
"515";"519";"Club America";"Undirected"
"514";"517";"Club Leon";"Undirected"
"514";"523";"Club Leon";"Undirected"
"517";"523";"Club Leon";"Undirected"
"518";"693";"RCD Espanyol";"Undirected"
"521";"524";"Deportivo Toluca FC";"Undirected"
"521";"527";"Deportivo Toluca FC";"Undirected"
"524";"527";"Deportivo Toluca FC";"Undirected"
"536";"545";"Feyenoord Rotterdam";"Undirected"
"536";"547";"Feyenoord Rotterdam";"Undirected"
"536";"549";"Feyenoord Rotterdam";"Undirected"
"536";"550";"Feyenoord Rotterdam";"Undirected"
"545";"547";"Feyenoord Rotterdam";"Undirected"
"545";"549";"Feyenoord Rotterdam";"Undirected"
"545";"550";"Feyenoord Rotterdam";"Undirected"
"547";"549";"Feyenoord Rotterdam";"Undirected"
"547";"550";"Feyenoord Rotterdam";"Undirected"
"549";"550";"Feyenoord Rotterdam";"Undirected"
"537";"730";"Aston Villa FC";"Undirected"
"540";"623";"FC Augsburg";"Undirected"
"540";"632";"FC Augsburg";"Undirected"
"623";"632";"FC Augsburg";"Undirected"
"543";"546";"AFC Ajax";"Undirected"
"543";"548";"AFC Ajax";"Undirected"
"546";"548";"AFC Ajax";"Undirected"
"544";"559";"Norwich City FC";"Undirected"
"558";"601";"CSKA Moscow";"Undirected"
"558";"606";"CSKA Moscow";"Undirected"
"558";"608";"CSKA Moscow";"Undirected"
"558";"613";"CSKA Moscow";"Undirected"
"558";"619";"CSKA Moscow";"Undirected"
"601";"606";"CSKA Moscow";"Undirected"
"601";"608";"CSKA Moscow";"Undirected"
"601";"613";"CSKA Moscow";"Undirected"
"601";"619";"CSKA Moscow";"Undirected"
"606";"608";"CSKA Moscow";"Undirected"
"606";"613";"CSKA Moscow";"Undirected"
"606";"619";"CSKA Moscow";"Undirected"
"608";"613";"CSKA Moscow";"Undirected"
"608";"619";"CSKA Moscow";"Undirected"
"613";"619";"CSKA Moscow";"Undirected"
"588";"592";"Sporting Braga";"Undirected"
"588";"597";"Sporting Braga";"Undirected"
"592";"597";"Sporting Braga";"Undirected"
"605";"607";"FC Spartak Moscow";"Undirected"
"628";"636";"Ulsan Hyundai FC";"Undirected"
"628";"642";"Ulsan Hyundai FC";"Undirected"
"636";"642";"Ulsan Hyundai FC";"Undirected"
"630";"716";"Sunderland AFC";"Undirected"
"635";"639";"Kashiwa Reysol";"Undirected"
"672";"690";"Grasshopper Club";"Undirected"
"715";"735";"Seattle Sounders FC";"Undirected"
"721";"731";"Sporting Kansas City";"Undirected"
"726";"728";"Real Salt Lake";"Undirected"
