"Id";"Label";"Club";"Country(club)";"Country";"year"
"1";"Islam SLIMANI";"Sporting CP";"Portugal";"Algeria";"2014"
"2";"El Arabi SOUDANI";"GNK Dinamo Zagreb";"Croatia";"Algeria";"2014"
"3";"Nabil GHILAS";"FC Porto";"Portugal";"Algeria";"2014"
"4";"Saphir TAIDER";"FC Internazionale";"Italy";"Algeria";"2014"
"5";"Sofiane FEGHOULI";"Valencia CF";"Spain";"Algeria";"2014"
"6";"Abdelmoumene DJABOU";"Club Africain";"Tunisia";"Algeria";"2014"
"7";"Hassan YEBDA";"Udinese Calcio";"Italy";"Algeria";"2014"
"8";"Esseid BELKALEM";"Watford FC";"England";"Algeria";"2014"
"9";"Madjid BOUGUERRA";"Lekhwiya SC";"Qatar";"Algeria";"2014"
"10";"Carl MEDJANI";"Valenciennes FC";"France";"Algeria";"2014"
"11";"Rafik HALLICHE";"Academica Coimbra";"Portugal";"Algeria";"2014"
"12";"Mehdi MOSTEFA";"AC Ajaccio";"France";"Algeria";"2014"
"13";"Medhi LACEN";"Getafe CF";"Spain";"Algeria";"2014"
"14";"Mohamed ZEMMAMOUCHE";"USM Alger";"Algeria";"Algeria";"2014"
"15";"Cedric SI MOHAMMED";"CS Constantine";"Algeria";"Algeria";"2014"
"16";"Djamel MESBAH";"AS Livorno";"Italy";"Algeria";"2014"
"17";"Rais MBOLHI";"CSKA Sofia";"Bulgaria";"Algeria";"2014"
"18";"Liassine CADAMURO";"RCD Mallorca";"Spain";"Algeria";"2014"
"19";"Yacine BRAHIMI";"Granada CF";"Spain";"Algeria";"2014"
"20";"Faouzi GHOULAM";"SSC Napoli";"Italy";"Algeria";"2014"
"21";"Riyad MAHREZ";"Leicester City FC";"England";"Algeria";"2014"
"22";"Aissa MANDI";"Stade de Reims";"France";"Algeria";"2014"
"23";"Nabil BENTALEB";"Tottenham Hotspur FC";"England";"Algeria";"2014"
"24";"Gonzalo HIGUAIN";"SSC Napoli";"Italy";"Argentina";"2014"
"25";"Lionel MESSI";"FC Barcelona";"Spain";"Argentina";"2014"
"26";"Sergio AGUERO";"Manchester City FC";"England";"Argentina";"2014"
"27";"Maxi RODRIGUEZ";"CA Newells Old Boys";"Argentina";"Argentina";"2014"
"28";"Angel DI MARIA";"Real Madrid CF";"Spain";"Argentina";"2014"
"29";"Enzo PEREZ";"SL Benfica";"Portugal";"Argentina";"2014"
"30";"Augusto FERNANDEZ";"Celta Vigo";"Spain";"Argentina";"2014"
"31";"Ezequiel LAVEZZI";"Paris Saint-Germain FC";"France";"Argentina";"2014"
"32";"Rodrigo PALACIO";"FC Internazionale";"Italy";"Argentina";"2014"
"33";"Federico FERNANDEZ";"SSC Napoli";"Italy";"Argentina";"2014"
"34";"Martin DEMICHELIS";"Manchester City FC";"England";"Argentina";"2014"
"35";"Javier MASCHERANO";"FC Barcelona";"Spain";"Argentina";"2014"
"36";"Hugo CAMPAGNARO";"FC Internazionale";"Italy";"Argentina";"2014"
"37";"Agustin ORION";"CA Boca Juniors";"Argentina";"Argentina";"2014"
"38";"Mariano ANDUJAR";"Calcio Catania";"Italy";"Argentina";"2014"
"39";"Jose Maria BASANTA";"CF Monterrey";"Mexico";"Argentina";"2014"
"40";"Pablo ZABALETA";"Manchester City FC";"England";"Argentina";"2014"
"41";"Fernando GAGO";"CA Boca Juniors";"Argentina";"Argentina";"2014"
"42";"Lucas BIGLIA";"SS Lazio";"Italy";"Argentina";"2014"
"43";"Sergio ROMERO";"AS Monaco";"France";"Argentina";"2014"
"44";"Ezequiel GARAY";"SL Benfica";"Portugal";"Argentina";"2014"
"45";"Ricardo ALVAREZ";"FC Internazionale";"Italy";"Argentina";"2014"
"46";"Marcos ROJO";"Sporting CP";"Portugal";"Argentina";"2014"
"47";"Adam TAGGART";"Newcastle United Jets FC";"Australia";"Australia";"2014"
"48";"Tim CAHILL";"New York Red Bulls";"USA";"Australia";"2014"
"49";"Mark BRESCIANO";"Al Gharafa SC";"Qatar";"Australia";"2014"
"50";"Mathew LECKIE";"FSV Frankfurt";"Germany";"Australia";"2014"
"51";"James TROISI";"Melbourne Victory FC";"Australia";"Australia";"2014"
"52";"Mile JEDINAK";"Crystal Palace FC";"England";"Australia";"2014"
"53";"Dario VIDOSIC";"FC Sion";"Switzerland";"Australia";"2014"
"54";"Mark MILLIGAN";"Melbourne Victory FC";"Australia";"Australia";"2014"
"55";"Tommy OAR";"FC Utrecht";"Netherlands";"Australia";"2014"
"56";"Matt McKAY";"Brisbane Roar FC";"Australia";"Australia";"2014"
"57";"Eugene GALEKOVIC";"Adelaide United FC";"Australia";"Australia";"2014"
"58";"Alex WILKINSON";"Jeonbuk Hyundai Motors FC";"South Korea";"Australia";"2014"
"59";"Ivan FRANJIC";"Brisbane Roar FC";"Australia";"Australia";"2014"
"60";"Mitch LANGERAK";"Borussia Dortmund";"Germany";"Australia";"2014"
"61";"Matthew SPIRANOVIC";"Western Sydney Wanderers FC";"Australia";"Australia";"2014"
"62";"James HOLLAND";"FK Austria Wien";"Austria";"Australia";"2014"
"63";"Oliver BOZANIC";"FC Luzern";"Switzerland";"Australia";"2014"
"64";"Ryan McGOWAN";"Shandong Luneng Taishan FC";"China";"Australia";"2014"
"65";"Maty RYAN";"Club Brugge KV";"Belgium";"Australia";"2014"
"66";"Ben HALLORAN";"Fortuna Duesseldorf";"Germany";"Australia";"2014"
"67";"Jason DAVIDSON";"SC Heracles Almelo";"Netherlands";"Australia";"2014"
"68";"Massimo LUONGO";"Swindon Town FC";"England";"Australia";"2014"
"69";"Bailey WRIGHT";"Preston North End FC";"England";"Australia";"2014"
"70";"Romelu LUKAKU";"Everton FC";"England";"Belgium";"2014"
"71";"Kevin DE BRUYNE";"VfL Wolfsburg";"Germany";"Belgium";"2014"
"72";"Kevin MIRALLAS";"Everton FC";"England";"Belgium";"2014"
"73";"Marouane FELLAINI";"Manchester United FC";"England";"Belgium";"2014"
"74";"Nacer CHADLI";"Tottenham Hotspur FC";"England";"Belgium";"2014"
"75";"Eden HAZARD";"Chelsea FC";"England";"Belgium";"2014"
"76";"Daniel VAN BUYTEN";"FC Bayern Muenchen";"Germany";"Belgium";"2014"
"77";"Axel WITSEL";"FC Zenit St. Petersburg";"Russia";"Belgium";"2014"
"78";"Moussa DEMBELE";"Tottenham Hotspur FC";"England";"Belgium";"2014"
"79";"Dries MERTENS";"SSC Napoli";"Italy";"Belgium";"2014"
"80";"Nicolas LOMBAERTS";"FC Zenit St. Petersburg";"Russia";"Belgium";"2014"
"81";"Jan VERTONGHEN";"Tottenham Hotspur FC";"England";"Belgium";"2014"
"82";"Vincent KOMPANY";"Manchester City FC";"England";"Belgium";"2014"
"83";"Steven DEFOUR";"FC Porto";"Portugal";"Belgium";"2014"
"84";"Anthony VANDEN BORRE";"RSC Anderlecht";"Belgium";"Belgium";"2014"
"85";"Toby ALDERWEIRELD";"Atletico Madrid";"Spain";"Belgium";"2014"
"86";"Thomas VERMAELEN";"Arsenal FC";"England";"Belgium";"2014"
"87";"Laurent CIMAN";"Standard Liege";"Belgium";"Belgium";"2014"
"88";"Simon MIGNOLET";"Liverpool FC";"England";"Belgium";"2014"
"89";"Thibaut COURTOIS";"Atletico Madrid";"Spain";"Belgium";"2014"
"90";"Divock ORIGI";"Lille OSC";"France";"Belgium";"2014"
"91";"Sammy BOSSUT";"SV Zulte Waregem";"Belgium";"Belgium";"2014"
"92";"Adnan JANUZAJ";"Manchester United FC";"England";"Belgium";"2014"
"93";"Edin DZEKO";"Manchester City FC";"England";"Bosnia & Herzegovina";"2014"
"94";"Vedad IBISEVIC";"VfB Stuttgart";"Germany";"Bosnia & Herzegovina";"2014"
"95";"Zvjezdan MISIMOVIC";"Guizhou Renhe FC";"China";"Bosnia & Herzegovina";"2014"
"96";"Izet HAJROVIC";"Galatasaray SK";"Turkey";"Bosnia & Herzegovina";"2014"
"97";"Miralem PJANIC";"AS Roma";"Italy";"Bosnia & Herzegovina";"2014"
"98";"Haris MEDUNJANIN";"Gaziantepspor";"Turkey";"Bosnia & Herzegovina";"2014"
"99";"Ermin BICAKCIC";"Eintracht Braunschweig";"Germany";"Bosnia & Herzegovina";"2014"
"100";"Sejad SALIHOVIC";"TSG 1899 Hoffenheim";"Germany";"Bosnia & Herzegovina";"2014"
"101";"Senijad IBRICIC";"Kayseri Erciyesspor";"Turkey";"Bosnia & Herzegovina";"2014"
"102";"Emir SPAHIC";"Bayer 04 Leverkusen";"Germany";"Bosnia & Herzegovina";"2014"
"103";"Senad LULIC";"SS Lazio";"Italy";"Bosnia & Herzegovina";"2014"
"104";"Asmir AVDUKIC";"FK Borac Banja Luka";"Bosnia & Herzegovina";"Bosnia & Herzegovina";"2014"
"105";"Mensur MUJDZA";"SC Freiburg";"Germany";"Bosnia & Herzegovina";"2014"
"106";"Avdija VRSAJEVIC";"HNK Hajduk Split";"Croatia";"Bosnia & Herzegovina";"2014"
"107";"Asmir BEGOVIC";"Stoke City FC";"England";"Bosnia & Herzegovina";"2014"
"108";"Toni SUNJIC";"FC Zorya Lugansk";"Ukraine";"Bosnia & Herzegovina";"2014"
"109";"Ognjen VRANJES";"Elazigspor";"Turkey";"Bosnia & Herzegovina";"2014"
"110";"Anel HADZIC";"SK Sturm Graz";"Austria";"Bosnia & Herzegovina";"2014"
"111";"Edin VISCA";"Istanbul BBSK";"Turkey";"Bosnia & Herzegovina";"2014"
"112";"Tino Sven SUSIC";"HNK Hajduk Split";"Croatia";"Bosnia & Herzegovina";"2014"
"113";"Muhamed BESIC";"Ferencvarosi TC";"Hungary";"Bosnia & Herzegovina";"2014"
"114";"Sead KOLASINAC";"FC Schalke 04";"Germany";"Bosnia & Herzegovina";"2014"
"115";"Jasmin FEJZIC";"VfR Aalen";"Germany";"Bosnia & Herzegovina";"2014"
"116";"NEYMAR";"FC Barcelona";"Spain";"Brazil";"2014"
"117";"FRED";"Fluminense FC";"Brazil";"Brazil";"2014"
"118";"WILLIAN";"Chelsea FC";"England";"Brazil";"2014"
"119";"JO";"Atletico Mineiro";"Brazil";"Brazil";"2014"
"120";"OSCAR";"Chelsea FC";"England";"Brazil";"2014"
"121";"HULK";"FC Zenit St. Petersburg";"Russia";"Brazil";"2014"
"122";"PAULINHO";"Tottenham Hotspur FC";"England";"Brazil";"2014"
"123";"DANTE";"FC Bayern Muenchen";"Germany";"Brazil";"2014"
"124";"FERNANDINHO";"Manchester City FC";"England";"Brazil";"2014"
"125";"MARCELO";"Real Madrid CF";"Spain";"Brazil";"2014"
"126";"BERNARD";"Shakhtar Donetsk";"Ukraine";"Brazil";"2014"
"127";"MAICON";"AS Roma";"Italy";"Brazil";"2014"
"128";"RAMIRES";"Chelsea FC";"England";"Brazil";"2014"
"129";"HERNANES";"FC Internazionale";"Italy";"Brazil";"2014"
"130";"DANI ALVES";"FC Barcelona";"Spain";"Brazil";"2014"
"131";"LUIZ GUSTAVO";"VfL Wolfsburg";"Germany";"Brazil";"2014"
"132";"THIAGO SILVA";"Paris Saint-Germain FC";"France";"Brazil";"2014"
"133";"JULIO CESAR";"Toronto FC";"Canada";"Brazil";"2014"
"134";"MAXWELL";"Paris Saint-Germain FC";"France";"Brazil";"2014"
"135";"VICTOR";"Atletico Mineiro";"Brazil";"Brazil";"2014"
"136";"JEFFERSON";"Botafogo FR";"Brazil";"Brazil";"2014"
"137";"DAVID LUIZ";"Chelsea FC";"England";"Brazil";"2014"
"138";"HENRIQUE";"SSC Napoli";"Italy";"Brazil";"2014"
"139";"Eric CHOUPO MOTING";"FSV Mainz 05";"Germany";"Cameroon";"2014"
"140";"Samuel ETOO";"Chelsea FC";"England";"Cameroon";"2014"
"141";"Pierre WEBO";"Fenerbahce SK";"Turkey";"Cameroon";"2014"
"142";"Fabrice OLINGA";"SV Zulte Waregem";"Belgium";"Cameroon";"2014"
"143";"Benjamin MOUKANDJO";"AS Nancy";"France";"Cameroon";"2014"
"144";"Vincent ABOUBAKAR";"FC Lorient";"France";"Cameroon";"2014"
"145";"Jean MAKOUN";"Stade Rennais FC";"France";"Cameroon";"2014"
"146";"Stephane MBIA";"Sevilla FC";"Spain";"Cameroon";"2014"
"147";"Enoh EYONG";"Antalyaspor AS";"Turkey";"Cameroon";"2014"
"148";"Landry NGUEMO";"FC Girondins Bordeaux";"France";"Cameroon";"2014"
"149";"Aurelien CHEDJOU";"Galatasaray SK";"Turkey";"Cameroon";"2014"
"150";"Charles ITANDJE";"Konyaspor";"Turkey";"Cameroon";"2014"
"151";"Benoit ASSOU EKOTTO";"Queens Park Rangers FC";"England";"Cameroon";"2014"
"152";"Henri BEDIMO";"Olympique Lyonnais";"France";"Cameroon";"2014"
"153";"Dany NOUNKEU";"Besiktas JK";"Turkey";"Cameroon";"2014"
"154";"Alexandre SONG";"FC Barcelona";"Spain";"Cameroon";"2014"
"155";"Allan NYOM";"Granada CF";"Spain";"Cameroon";"2014"
"156";"Nicolas NKOULOU";"Olympique Marseille";"France";"Cameroon";"2014"
"157";"Sammy NDJOCK";"Fethiyespor";"Turkey";"Cameroon";"2014"
"158";"Joel MATIP";"FC Schalke 04";"Germany";"Cameroon";"2014"
"159";"Loic FEUDJOU";"Coton Sport FC";"Cameroon";"Cameroon";"2014"
"160";"Cedric DJEUGOUE";"Coton Sport FC";"Cameroon";"Cameroon";"2014"
"161";"Edgar SALLI";"RC Lens";"France";"Cameroon";"2014"
"162";"Miiko ALBORNOZ";"Malmo FF";"Sweden";"Chile";"2014"
"163";"Eduardo VARGAS";"Valencia CF";"Spain";"Chile";"2014"
"164";"Alexis SANCHEZ";"FC Barcelona";"Spain";"Chile";"2014"
"165";"Esteban PAREDES";"CSD Colo-Colo";"Chile";"Chile";"2014"
"166";"Mauricio PINILLA";"Cagliari Calcio";"Italy";"Chile";"2014"
"167";"Arturo VIDAL";"Juventus FC";"Italy";"Chile";"2014"
"168";"Eugenio MENA";"Santos FC";"Brazil";"Chile";"2014"
"169";"Charles ARANGUIZ";"SC Internacional";"Brazil";"Chile";"2014"
"170";"Jean BEAUSEJOUR";"Wigan Athletic FC";"England";"Chile";"2014"
"171";"Gary MEDEL";"Cardiff City FC";"England";"Chile";"2014"
"172";"Fabian ORELLANA";"Celta Vigo";"Spain";"Chile";"2014"
"173";"Jorge VALDIVIA";"Palmeiras";"Brazil";"Chile";"2014"
"174";"Felipe GUTIERREZ";"FC Twente";"Netherlands";"Chile";"2014"
"175";"Jose ROJAS";"Club Universidad de Chile";"Chile";"Chile";"2014"
"176";"Marcelo DIAZ";"FC Basel";"Switzerland";"Chile";"2014"
"177";"Gonzalo JARA";"Nottingham Forest FC";"England";"Chile";"2014"
"178";"Mauricio ISLA";"Juventus FC";"Italy";"Chile";"2014"
"179";"Jose FUENZALIDA";"CSD Colo-Colo";"Chile";"Chile";"2014"
"180";"Carlos CARMONA";"Atalanta Bergamo";"Italy";"Chile";"2014"
"181";"Johnny HERRERA";"Club Universidad de Chile";"Chile";"Chile";"2014"
"182";"Claudio BRAVO";"Real Sociedad";"Spain";"Chile";"2014"
"183";"Francisco SILVA";"CA Osasuna";"Spain";"Chile";"2014"
"184";"Cristopher TOSELLI";"CD Universidad Catolica";"Chile";"Chile";"2014"
"185";"Teofilo GUTIERREZ";"CA River Plate";"Argentina";"Colombia";"2014"
"186";"Carlos BACCA";"Sevilla FC";"Spain";"Colombia";"2014"
"187";"Jackson MARTINEZ";"FC Porto";"Portugal";"Colombia";"2014"
"188";"James RODRIGUEZ";"AS Monaco";"France";"Colombia";"2014"
"189";"Carlos VALDES";"CA San Lorenzo de Almagro";"Argentina";"Colombia";"2014"
"190";"Victor IBARBO";"Cagliari Calcio";"Italy";"Colombia";"2014"
"191";"Juan CUADRADO";"ACF Fiorentina";"Italy";"Colombia";"2014"
"192";"Abel AGUILAR";"Toulouse FC";"France";"Colombia";"2014"
"193";"Adrian RAMOS";"Hertha BSC";"Germany";"Colombia";"2014"
"194";"Fredy GUARIN";"FC Internazionale";"Italy";"Colombia";"2014"
"195";"Mario YEPES";"Atalanta Bergamo";"Italy";"Colombia";"2014"
"196";"Carlos CARBONERO";"CA River Plate";"Argentinia";"Colombia";"2014"
"197";"Juan ZUNIGA";"SSC Napoli";"Italy";"Colombia";"2014"
"198";"Pablo ARMERO";"West Ham United FC";"England";"Colombia";"2014"
"199";"Faryd MONDRAGON";"Deportivo Cali";"Colombia";"Colombia";"2014"
"200";"Carlos SANCHEZ";"Elche CF";"Spain";"Colombia";"2014"
"201";"Cristian ZAPATA";"AC Milan";"Italy";"Colombia";"2014"
"202";"David OSPINA";"OGC Nice";"France";"Colombia";"2014"
"203";"Alexander MEJIA";"Atletico Nacional";"Colombia";"Colombia";"2014"
"204";"Santiago ARIAS";"PSV Eindhoven";"Netherlands";"Colombia";"2014"
"205";"Eder BALANTA";"CA River Plate";"Argentina";"Colombia";"2014"
"206";"Juan QUINTERO";"FC Porto";"Portugal";"Colombia";"2014"
"207";"Camilo VARGAS";"Independiente Santa Fe";"Colombia";"Colombia";"2014"
"208";"Marcos URENA";"Kuban Krasnodar";"Russia";"Costa Rica";"2014"
"209";"Joel CAMPBELL";"Olympiacos Piraeus FC";"Greece";"Costa Rica";"2014"
"210";"Celso BORGES";"AIK Solna";"Sweden";"Costa Rica";"2014"
"211";"Bryan RUIZ";"PSV Eindhoven";"Netherlands";"Costa Rica";"2014"
"212";"Randall BRENES";"CSD Cartagines";"Costa Rica";"Costa Rica";"2014"
"213";"Diego CALVO";"Valerenga IF";"Norway";"Costa Rica";"2014"
"214";"Michael BARRANTES";"Aalesunds FK";"Norway";"Costa Rica";"2014"
"215";"Giancarlo GONZALEZ";"Columbus Crew";"USA";"Costa Rica";"2014"
"216";"Jose CUBERO";"CS Herediano";"Costa Rica";"Costa Rica";"2014"
"217";"Heiner MORA";"Deportivo Saprissa";"Costa Rica";"Costa Rica";"2014"
"218";"Cristian GAMBOA";"Rosenborg BK";"Norway";"Costa Rica";"2014"
"219";"Johnny ACOSTA";"LD Alajuelense";"Costa Rica";"Costa Rica";"2014"
"220";"Christian BOLANOS";"FC Kobenhavn";"Denmark";"Costa Rica";"2014"
"221";"Roy MILLER";"New York Red Bulls";"USA";"Costa Rica";"2014"
"222";"Junior DIAZ";"FSV Mainz 05";"Germany";"Costa Rica";"2014"
"223";"Michael UMANA";"Deportivo Saprissa";"Costa Rica";"Costa Rica";"2014"
"224";"Patrick PEMBERTON";"LD Alajuelense";"Costa Rica";"Costa Rica";"2014"
"225";"Oscar GRANADOS";"CS Herediano";"Costa Rica";"Costa Rica";"2014"
"226";"Daniel CAMBRONERO";"CS Herediano";"Costa Rica";"Costa Rica";"2014"
"227";"Keylor NAVAS";"Levante UD";"Spain";"Costa Rica";"2014"
"228";"Oscar DUARTE";"Club Brugge KV";"Belgium";"Costa Rica";"2014"
"229";"Waylon FRANCIS";"Columbus Crew";"USA";"Costa Rica";"2014"
"230";"Yeltsin TEJEDA";"Deportivo Saprissa";"Costa Rica";"Costa Rica";"2014"
"231";"EDUARDO";"Shakhtar Donetsk";"Ukraine";"Croatia";"2014"
"232";"Mario MANDZUKIC";"FC Bayern Muenchen";"Germany";"Croatia";"2014"
"233";"Ante REBIC";"ACF Fiorentina";"Italy";"Croatia";"2014"
"234";"Ivica OLIC";"VfL Wolfsburg";"Germany";"Croatia";"2014"
"235";"Darijo SRNA";"Shakhtar Donetsk";"Ukraine";"Croatia";"2014"
"236";"Nikica JELAVIC";"Hull City FC";"England";"Croatia";"2014"
"237";"Ivan RAKITIC";"Sevilla FC";"Spain";"Croatia";"2014"
"238";"Luka MODRIC";"Real Madrid CF";"Spain";"Croatia";"2014"
"239";"Ivan PERISIC";"VfL Wolfsburg";"Germany";"Croatia";"2014"
"240";"Dejan LOVREN";"Southampton FC";"England";"Croatia";"2014"
"241";"Ognjen VUKOJEVIC";"FC Dynamo Kyiv";"Ukraine";"Croatia";"2014"
"242";"Vedran CORLUKA";"FC Lokomotiv Moscow";"Russia";"Croatia";"2014"
"243";"Domagoj VIDA";"FC Dynamo Kyiv";"Ukraine";"Croatia";"2014"
"244";"Stipe PLETIKOSA";"FC Rostov";"Russia";"Croatia";"2014"
"245";"Danijel PRANJIC";"Panathinaikos FC";"Greece";"Croatia";"2014"
"246";"Gordon SCHILDENFELD";"Panathinaikos FC";"Greece";"Croatia";"2014"
"247";"Danijel SUBASIC";"AS Monaco";"France";"Croatia";"2014"
"248";"SAMMIR";"Getafe CF";"Spain";"Croatia";"2014"
"249";"Sime VRSALJKO";"Genoa CFC";"Italy";"Croatia";"2014"
"250";"Mateo KOVACIC";"FC Internazionale";"Italy";"Croatia";"2014"
"251";"Oliver ZELENIKA";"NK Lokomotiva Zagreb";"Croatia";"Croatia";"2014"
"252";"Ivan MOCINIC";"HNK Rijeka";"Croatia";"Croatia";"2014"
"253";"Marcelo BROZOVIC";"GNK Dinamo Zagreb";"Croatia";"Croatia";"2014"
"254";"Enner VALENCIA";"CF Pachuca";"Mexico";"Ecuador";"2014"
"255";"Felipe CAICEDO";"Al Jazira SCC";"United Arab Emirates";"Ecuador";"2014"
"256";"Jaimen AYOVI";"Club Tijuana";"Mexico";"Ecuador";"2014"
"257";"Fidel MARTINEZ";"Club Tijuana";"Mexico";"Ecuador";"2014"
"258";"Jefferson MONTERO";"CA Monarcas Morelia";"Mexico";"Ecuador";"2014"
"259";"Edison MENDEZ";"Independiente Santa Fe";"Colombia";"Ecuador";"2014"
"260";"Antonio VALENCIA";"Manchester United FC";"England";"Ecuador";"2014"
"261";"Oswaldo MINDA";"CD Chivas";"USA";"Ecuador";"2014"
"262";"Michael ARROYO";"Atlante FC";"Mexico";"Ecuador";"2014"
"263";"Walter AYOVI";"CF Pachuca";"Mexico";"Ecuador";"2014"
"264";"Joao ROJAS";"Cruz Azul FC";"Mexico";"Ecuador";"2014"
"265";"Cristhian NOBOA";"FC Dynamo Moscow";"Russia";"Ecuador";"2014"
"266";"Jorge GUAGUA";"CS Emelec";"Ecuador";"Ecuador";"2014"
"267";"Frickson ERAZO";"CR Flamengo";"Brazil";"Ecuador";"2014"
"268";"Oscar BAGUI";"CS Emelec";"Ecuador";"Ecuador";"2014"
"269";"Luis SARITAMA";"Barcelona SC";"Ecuador";"Ecuador";"2014"
"270";"Gabriel ACHILIER";"CS Emelec";"Ecuador";"Ecuador";"2014"
"271";"Maximo BANGUERA";"Barcelona SC";"Ecuador";"Ecuador";"2014"
"272";"Alexander DOMINGUEZ";"LDU Quito";"Ecuador";"Ecuador";"2014"
"273";"Juan PAREDES";"Barcelona SC";"Ecuador";"Ecuador";"2014"
"274";"Adrian BONE";"CD El Nacional";"Ecuador";"Ecuador";"2014"
"275";"Alex IBARRA";"Vitesse Arnheim";"Netherlands";"Ecuador";"2014"
"276";"Carlos GRUEZO";"VfB Stuttgart";"Germany";"Ecuador";"2014"
"277";"Rickie LAMBERT";"Southampton FC";"England";"England";"2014"
"278";"Wayne ROONEY";"Manchester United FC";"England";"England";"2014"
"279";"Danny WELBECK";"Manchester United FC";"England";"England";"2014"
"280";"Daniel STURRIDGE";"Liverpool FC";"England";"England";"2014"
"281";"Frank LAMPARD";"Chelsea FC";"England";"England";"2014"
"282";"Alex OXLADE CHAMBERLAIN";"Arsenal FC";"England";"England";"2014"
"283";"Steven GERRARD";"Liverpool FC";"England";"England";"2014"
"284";"Gary CAHILL";"Chelsea FC";"England";"England";"2014"
"285";"Phil JAGIELKA";"Everton FC";"England";"England";"2014"
"286";"Leighton BAINES";"Everton FC";"England";"England";"2014"
"287";"James MILNER";"Manchester City FC";"England";"England";"2014"
"288";"Glen JOHNSON";"Liverpool FC";"England";"England";"2014"
"289";"Ben FOSTER";"West Bromwich Albion FC";"England";"England";"2014"
"290";"Joe HART";"Manchester City FC";"England";"England";"2014"
"291";"Fraser FORSTER";"Celtic FC";"Scotland";"England";"2014"
"292";"Adam LALLANA";"Southampton FC";"England";"England";"2014"
"293";"Chris SMALLING";"Manchester United FC";"England";"England";"2014"
"294";"Jordan HENDERSON";"Liverpool FC";"England";"England";"2014"
"295";"Phil JONES";"Manchester United FC";"England";"England";"2014"
"296";"Jack WILSHERE";"Arsenal FC";"England";"England";"2014"
"297";"Ross BARKLEY";"Everton FC";"England";"England";"2014"
"298";"Raheem STERLING";"Liverpool FC";"England";"England";"2014"
"299";"Luke SHAW";"Southampton FC";"England";"England";"2014"
"300";"Antoine GRIEZMANN";"Real Sociedad";"Spain";"France";"2014"
"301";"Karim BENZEMA";"Real Madrid CF";"Spain";"France";"2014"
"302";"Olivier GIROUD";"Arsenal FC";"England";"France";"2014"
"303";"Loic REMY";"Newcastle United FC";"England";"France";"2014"
"304";"Paul POGBA";"Juventus FC";"Italy";"France";"2014"
"305";"Remy Cabella";"Montpellier HSC";"France";"France";"2014"
"306";"Mathieu VALBUENA";"Olympique Marseille";"France";"France";"2014"
"307";"Mamadou SAKHO";"Liverpool FC";"England";"France";"2014"
"308";"Mathieu DEBUCHY";"Newcastle United FC";"England";"France";"2014"
"309";"Yohan CABAYE";"Paris Saint-Germain FC";"France";"France";"2014"
"310";"Blaise MATUIDI";"Paris Saint-Germain FC";"France";"France";"2014"
"311";"Mickael LANDREAU";"SC Bastia";"France";"France";"2014"
"312";"Patrice EVRA";"Manchester United FC";"England";"France";"2014"
"313";"Bacary SAGNA";"Arsenal FC";"England";"France";"2014"
"314";"Rio MAVUBA";"Lille OSC";"France";"France";"2014"
"315";"Laurent KOSCIELNY";"Arsenal FC";"England";"France";"2014"
"316";"Stephane RUFFIER";"AS Saint-Etienne";"France";"France";"2014"
"317";"Hugo LLORIS";"Tottenham Hotspur FC";"England";"France";"2014"
"318";"Moussa SISSOKO";"Newcastle United FC";"England";"France";"2014"
"319";"Eliaquim MANGALA";"FC Porto";"Portugal";"France";"2014"
"320";"Raphael VARANE";"Real Madrid CF";"Spain";"France";"2014"
"321";"Lucas DIGNE";"Paris Saint-Germain FC";"France";"France";"2014"
"322";"Miroslav KLOSE";"SS Lazio";"Italy";"Germany";"2014"
"323";"Lukas PODOLSKI";"Arsenal FC";"England";"Germany";"2014"
"324";"Andre SCHUERRLE";"Chelsea FC";"England";"Germany";"2014"
"325";"Thomas MUELLER";"FC Bayern Muenchen";"Germany";"Germany";"2014"
"326";"Shkodran MUSTAFI";"UC Sampdoria";"Italy";"Germany";"2014"
"327";"Mesut OEZIL";"Arsenal FC";"England";"Germany";"2014"
"328";"Mario GOETZE";"FC Bayern Muenchen";"Germany";"Germany";"2014"
"329";"Bastian SCHWEINSTEIGER";"FC Bayern Muenchen";"Germany";"Germany";"2014"
"330";"Toni KROOS";"FC Bayern Muenchen";"Germany";"Germany";"2014"
"331";"Julian DRAXLER";"FC Schalke 04";"Germany";"Germany";"2014"
"332";"Sami KHEDIRA";"Real Madrid CF";"Spain";"Germany";"2014"
"333";"Mats HUMMELS";"Borussia Dortmund";"Germany";"Germany";"2014"
"334";"Benedikt HOEWEDES";"FC Schalke 04";"Germany";"Germany";"2014"
"335";"Philipp LAHM";"FC Bayern Muenchen";"Germany";"Germany";"2014"
"336";"Per MERTESACKER";"Arsenal FC";"England";"Germany";"2014"
"337";"Roman WEIDENFELLER";"Borussia Dortmund";"Germany";"Germany";"2014"
"338";"Manuel NEUER";"FC Bayern Muenchen";"Germany";"Germany";"2014"
"339";"Jerome BOATENG";"FC Bayern Muenchen";"Germany";"Germany";"2014"
"340";"Ron-Robert ZIELER";"Hannover 96";"Germany";"Germany";"2014"
"341";"Kevin GROSSKREUTZ";"Borussia Dortmund";"Germany";"Germany";"2014"
"342";"Christoph KRAMER";"Borussia Moenchengladbach";"Germany";"Germany";"2014"
"343";"Erik DURM";"Borussia Dortmund";"Germany";"Germany";"2014"
"344";"Matthias GINTER";"SC Freiburg";"Germany";"Germany";"2014"
"345";"Asamoah GYAN";"Al Ain FC";"United Arab Emirates";"Ghana";"2014"
"346";"Mubarak WAKASO";"FC Rubin Kazan";"Russia";"Ghana";"2014"
"347";"Sulley MUNTARI";"AC Milan";"Italy";"Ghana";"2014"
"348";"Majeed WARIS";"Valenciennes FC";"France";"Ghana";"2014"
"349";"Acquah AFRIYIE";"Parma FC";"Italy";"Ghana";"2014"
"350";"Christian ATSU";"Vitesse Arnheim";"Netherlands";"Ghana";"2014"
"351";"Kevin Prince BOATENG";"FC Schalke 04";"Germany";"Ghana";"2014"
"352";"Jordan AYEW";"FC Sochaux-Montbliard";"France";"Ghana";"2014"
"353";"Michael ESSIEN";"AC Milan";"Italy";"Ghana";"2014"
"354";"Emmanuel AGYEMANG BADU";"Udinese Calcio";"Italy";"Ghana";"2014"
"355";"John BOYE";"Stade Rennais FC";"France";"Ghana";"2014"
"356";"Andre AYEW";"Olympique Marseille";"France";"Ghana";"2014"
"357";"Albert ADOMAH";"Middlesbrough FC";"England";"Ghana";"2014"
"358";"Kwadwo ASAMOAH";"Juventus FC";"Italy";"Ghana";"2014"
"359";"Jonathan MENSAH";"Evian TG FC";"France";"Ghana";"2014"
"360";"Samuel INKOOM";"FC Platanias";"Greece";"Ghana";"2014"
"361";"Fatawu DAUDA";"Orlando Pirates";"South Africa";"Ghana";"2014"
"362";"Harrison AFFUL";"Esperance Sportive de Tunis";"Tunisia";"Ghana";"2014"
"363";"Adam KWARASEY";"Stromsgodset IF";"Norway";"Ghana";"2014"
"364";"Mohammed RABIU";"Kuban Krasnodar";"Russia";"Ghana";"2014"
"365";"Stephen ADAMS";"Aduana Stars";"Ghana";"Ghana";"2014"
"366";"Daniel OPARE";"Standard Liege";"Belgium";"Ghana";"2014"
"367";"Rashid SUMAILA";"Mamelodi Sundowns FC";"South Africa";"Ghana";"2014"
"368";"Theofanis GEKAS";"Konyaspor";"Turkey";"Greece";"2014"
"369";"Konstantinos MITROGLOU";"Fulham FC";"England";"Greece";"2014"
"370";"Dimitrios SALPINGIDIS";"PAOK FC";"Greece";"Greece";"2014"
"371";"Ioannis FETFATZIDIS";"Genoa CFC";"Italy";"Greece";"2014"
"372";"Georgios SAMARAS";"Celtic FC";"Scotland";"Greece";"2014"
"373";"Vasileios TOROSIDIS";"AS Roma";"Italy";"Greece";"2014"
"374";"Konstantinos KATSOURANIS";"PAOK FC";"Greece";"Greece";"2014"
"375";"Georgios KARAGOUNIS";"Fulham FC";"England";"Greece";"2014"
"376";"Lazaros CHRISTODOULOPOULOS";"Bologna FC";"Italy";"Greece";"2014"
"377";"Jose CHOLEVAS";"Olympiacos Piraeus FC";"Greece";"Greece";"2014"
"378";"Alexandros TZIOLIS";"Kayserispor";"Turkey";"Greece";"2014"
"379";"Loukas VYNTRA";"Levante UD";"Spain";"Greece";"2014"
"380";"Vangelis MORAS";"Hellas Verona FC";"Italy";"Greece";"2014"
"381";"Orestis KARNEZIS";"Granada CF";"Spain";"Greece";"2014"
"382";"Panagiotis GLYKOS";"PAOK FC";"Greece";"Greece";"2014"
"383";"Ioannis MANIATIS";"Olympiacos Piraeus FC";"Greece";"Greece";"2014"
"384";"Sokratis PAPASTATHOPOULOS";"Borussia Dortmund";"Germany";"Greece";"2014"
"385";"Panagiotis KONE";"Bologna FC";"Italy";"Greece";"2014"
"386";"Georgios TZAVELAS";"PAOK FC";"Greece";"Greece";"2014"
"387";"Andreas SAMARIS";"Olympiacos Piraeus FC";"Greece";"Greece";"2014"
"388";"Panagiotis TACHTSIDIS";"Torino FC";"Italy";"Greece";"2014"
"389";"Konstantinos MANOLAS";"Olympiacos Piraeus FC";"Greece";"Greece";"2014"
"390";"Stefanos KAPINO";"Panathinaikos FC";"Greece";"Greece";"2014"
"391";"Carlo COSTLY";"Real Espana";"Honduras";"Honduras";"2014"
"392";"Jerry BENGTSON";"New England Revolution";"USA";"Honduras";"2014"
"393";"Jerry PALACIOS";"LD Alajuelense";"Costa Rica";"Honduras";"2014"
"394";"Rony MARTINEZ";"CD Real Sociedad";"Honduras";"Honduras";"2014"
"395";"Marvin CHAVEZ";"CD Chivas USA";"USA";"Honduras";"2014"
"396";"Roger ESPINOZA";"Wigan Athletic FC";"England";"Honduras";"2014"
"397";"Juan MONTES";"CD Motagua";"Honduras";"Honduras";"2014"
"398";"Mario MARTINEZ";"Real Espana";"Honduras";"Honduras";"2014"
"399";"Jorge CLAROS";"CD Motagua";"Honduras";"Honduras";"2014"
"400";"Andy NAJAR";"RSC Anderlecht";"Belgium";"Honduras";"2014"
"401";"Wilson PALACIOS";"Stoke City FC";"England";"Honduras";"2014"
"402";"Brayan BECKELES";"CD Olimpia";"Honduras";"Honduras";"2014"
"403";"Victor BERNARDEZ";"San Jose Earthquakes";"USA";"Honduras";"2014"
"404";"Maynor FIGUEROA";"Hull City FC";"England";"Honduras";"2014"
"405";"Juan Carlos GARCIA";"Wigan Athletic FC";"England";"Honduras";"2014"
"406";"Boniek GARCIA";"Houston Dynamo";"USA";"Honduras";"2014"
"407";"Emilio IZAGUIRRE";"Celtic FC";"Scotland";"Honduras";"2014"
"408";"Noel VALLADARES";"CD Olimpia";"Honduras";"Honduras";"2014"
"409";"Donis ESCOBER";"CD Olimpia";"Honduras";"Honduras";"2014"
"410";"Osman CHAVEZ";"Qingdao Jonoon FC";"China";"Honduras";"2014"
"411";"Edder DELGADO";"Real Espana";"Honduras";"Honduras";"2014"
"412";"Luis GARRIDO";"CD Olimpia";"Honduras";"Honduras";"2014"
"413";"Luis LOPEZ";"Real Espana";"Honduras";"Honduras";"2014"
"414";"Reza GHOOCHANNEJAD";"Charlton Athletic FC";"England";"Iran";"2014"
"415";"Ashkan DEJAGAH";"Fulham FC";"England";"Iran";"2014"
"416";"Javad NEKOUNAM";"Kuwait SC";"Kuwait";"Iran";"2014"
"417";"Karim ANSARI FARD";"Tractor Sazi Tabriz FC";"Iran";"Iran";"2014"
"418";"Alireza JAHAN BAKHSH";"NEC Nijmegen";"Netherlands";"Iran";"2014"
"419";"Ahmad ALNAMEH";"Naft Tehran FC";"Iran";"Iran";"2014"
"420";"Andranik TIMOTIAN";"Esteghlal Tehran FC";"Iran";"Iran";"2014"
"421";"Masoud SHOJAEI";"UD Las Palmas";"Spain";"Iran";"2014"
"422";"Jalal HOSSEINI";"Perspolis FC";"Iran";"Iran";"2014"
"423";"Amirhossein SADEGHI";"Esteghlal Tehran FC";"Iran";"Iran";"2014"
"424";"Hashem BEIKZADEH";"Esteghlal Tehran FC";"Iran";"Iran";"2014"
"425";"Pejman MONTAZERI";"Umm Salal SC";"Qatar";"Iran";"2014"
"426";"Ehsan HAJI SAFI";"Sepahan FC";"Iran";"Iran";"2014"
"427";"Rahman AHMADI";"Sepahan FC";"Iran";"Iran";"2014"
"428";"Ghasem HADADIFAR";"Zob Ahan Isfahan FC";"Iran";"Iran";"2014"
"429";"Khosro HEYDARI";"Esteghlal Tehran FC";"Iran";"Iran";"2014"
"430";"Hossein MAHINI";"Perspolis FC";"Iran";"Iran";"2014"
"431";"Mehrdad POOLADI";"Perspolis FC";"Iran";"Iran";"2014"
"432";"Steven BEITASHOUR";"Vancouver Whitecaps FC";"Canada";"Iran";"2014"
"433";"Alireza HAGHIGHI";"Sporting Covilha";"Portugal";"Iran";"2014"
"434";"Daniel DAVARI";"Eintracht Braunschweig";"Germany";"Iran";"2014"
"435";"Reza HAGHIGHI";"Perspolis FC";"Iran";"Iran";"2014"
"436";"Bakhtiar RAHMANI";"Foolad Khuzestan FC";"Iran";"Iran";"2014"
"437";"Mario BALOTELLI";"AC Milan";"Italy";"Italy";"2014"
"438";"Antonio CASSANO";"Parma FC";"Italy";"Italy";"2014"
"439";"Lorenzo INSIGNE";"SSC Napoli";"Italy";"Italy";"2014"
"440";"Marco VERRATTI";"Paris Saint-Germain FC";"France";"Italy";"2014"
"441";"Daniele DE ROSSI";"AS Roma";"Italy";"Italy";"2014"
"442";"Alberto AQUILANI";"ACF Fiorentina";"Italy";"Italy";"2014"
"443";"Andrea PIRLO";"Juventus FC";"Italy";"Italy";"2014"
"444";"Giorgio CHIELLINI";"Juventus FC";"Italy";"Italy";"2014"
"445";"Leonardo BONUCCI";"Juventus FC";"Italy";"Italy";"2014"
"446";"Ignazio ABATE";"AC Milan";"Italy";"Italy";"2014"
"447";"Claudio MARCHISIO";"Juventus FC";"Italy";"Italy";"2014"
"448";"THIAGO MOTTA";"Paris Saint-Germain FC";"France";"Italy";"2014"
"449";"Gianluigi BUFFON";"Juventus FC";"Italy";"Italy";"2014"
"450";"Andrea BARZAGLI";"Juventus FC";"Italy";"Italy";"2014"
"451";"Marco PAROLO";"Parma FC";"Italy";"Italy";"2014"
"452";"Gabriel PALETTA";"Parma FC";"Italy";"Italy";"2014"
"453";"Salvatore SIRIGU";"Paris Saint-Germain FC";"France";"Italy";"2014"
"454";"Antonio CANDREVA";"SS Lazio";"Italy";"Italy";"2014"
"455";"Alessio CERCI";"Torino FC";"Italy";"Italy";"2014"
"456";"Ciro IMMOBILE";"Torino FC";"Italy";"Italy";"2014"
"457";"Matteo DARMIAN";"Torino FC";"Italy";"Italy";"2014"
"458";"Mattia DE SCIGLIO";"AC Milan";"Italy";"Italy";"2014"
"459";"Mattia PERIN";"Genoa CFC";"Italy";"Italy";"2014"
"460";"Didier DROGBA";"Galatasaray SK";"Turkey";"Ivory Coast";"2014"
"461";"Wilfried BONY";"Swansea City AFC";"England";"Ivory Coast";"2014"
"462";"Salomon KALOU";"Lille OSC";"France";"Ivory Coast";"2014"
"463";"Konan YA";"Hannover 96";"Germany";"Ivory Coast";"2014"
"464";"GERVINHO";"AS Roma";"Italy";"Ivory Coast";"2014"
"465";"Yaya TOURE";"Manchester City FC";"England";"Ivory Coast";"2014"
"466";"Max GRADEL";"AS Saint-Etienne";"France";"Ivory Coast";"2014"
"467";"Kolo TOURE";"Liverpool FC";"England";"Ivory Coast";"2014"
"468";"Souleymane BAMBA";"Trabzonspor";"Turkey";"Ivory Coast";"2014"
"469";"Ismael TIOTE";"Newcastle United FC";"England";"Ivory Coast";"2014"
"470";"Arthur BOKA";"VfB Stuttgart";"Germany";"Ivory Coast";"2014"
"471";"Didier ZOKORA";"Trabzonspor";"Turkey";"Ivory Coast";"2014"
"472";"Boubacar BARRY";"KSC Lokeren";"Belgium";"Ivory Coast";"2014"
"473";"Die SEREY";"FC Basel";"Switzerland";"Ivory Coast";"2014"
"474";"Ousmane DIARRASSOUBA";"Caykur Rizespor";"Turkey";"Ivory Coast";"2014"
"475";"Constant DJAKPA";"Eintracht Frankfurt";"Germany";"Ivory Coast";"2014"
"476";"Sylvain GBOHOUO";"Sewe Sport";"Ivory Coast";"Ivory Coast";"2014"
"477";"Giovanni SIO";"FC Basel";"Switzerland";"Ivory Coast";"2014"
"478";"Mathis BOLLY";"Fortuna Duesseldorf";"Germany";"Ivory Coast";"2014"
"479";"Sayouba MANDE";"Stabaek IF";"Norway";"Ivory Coast";"2014"
"480";"Ismael DIOMANDE";"AS Saint-Etienne";"France";"Ivory Coast";"2014"
"481";"Jean Daniel AKPA";"Toulouse FC";"France";"Ivory Coast";"2014"
"482";"Serge AURIER";"Toulouse FC";"France";"Ivory Coast";"2014"
"483";"Shinji OKAZAKI";"FSV Mainz 05";"Germany";"Japan";"2014"
"484";"Yoichiro KAKITANI";"Cerezo Osaka";"Japan";"Japan";"2014"
"485";"Yuya OSAKO";"TSV 1860 Muenchen";"Germany";"Japan";"2014"
"486";"Keisuke HONDA";"AC Milan";"Italy";"Japan";"2014"
"487";"Shinji KAGAWA";"Manchester United FC";"England";"Japan";"2014"
"488";"Manabu SAITO";"Yokohama F-Marinos";"Japan";"Japan";"2014"
"489";"Masato MORISHIGE";"FC Tokyo";"Japan";"Japan";"2014"
"490";"Yoshito OKUBO";"Kawasaki Frontale";"Japan";"Japan";"2014"
"491";"Yasuhito ENDO";"Gamba Osaka";"Japan";"Japan";"2014"
"492";"Maya YOSHIDA";"Southampton FC";"England";"Japan";"2014"
"493";"Masahiko INOHA";"Jubilo Iwata";"Japan";"Japan";"2014"
"494";"Yuto NAGATOMO";"FC Internazionale";"Italy";"Japan";"2014"
"495";"Hiroshi KIYOTAKE";"1. FC Nuernberg";"Germany";"Japan";"2014"
"496";"Atsuto UCHIDA";"FC Schalke 04";"Germany";"Japan";"2014"
"497";"Makoto HASEBE";"1. FC Nuernberg";"Germany";"Japan";"2014"
"498";"Yasuyuki KONNO";"Gamba Osaka";"Japan";"Japan";"2014"
"499";"Eiji KAWASHIMA";"Standard Liege";"Belgium";"Japan";"2014"
"500";"Shusaku NISHIKAWA";"Urawa Red Diamonds";"Japan";"Japan";"2014"
"501";"Toshihiro AOYAMA";"Sanfrecce Hiroshima";"Japan";"Japan";"2014"
"502";"Shuichi GONDA";"FC Tokyo";"Japan";"Japan";"2014"
"503";"Hiroki SAKAI";"Hannover 96";"Germany";"Japan";"2014"
"504";"Gotoku SAKAI";"VfB Stuttgart";"Germany";"Japan";"2014"
"505";"Hotaru YAMAGUCHI";"Cerezo Osaka";"Japan";"Japan";"2014"
"506";"Alan PULIDO";"Tigres UANL";"Mexico";"Mexico";"2014"
"507";"Javier HERNANDEZ";"Manchester United FC";"England";"Mexico";"2014"
"508";"Oribe PERALTA";"Club Santos Laguna";"Mexico";"Mexico";"2014"
"509";"Marco FABIAN";"Cruz Azul FC";"Mexico";"Mexico";"2014"
"510";"Giovani DOS SANTOS";"Villarreal CF";"Spain";"Mexico";"2014"
"511";"Raul JIMENEZ";"Club America";"Mexico";"Mexico";"2014"
"512";"Miguel LAYUN";"Club America";"Mexico";"Mexico";"2014"
"513";"Andres GUARDADO";"Bayer 04 Leverkusen";"Germany";"Mexico";"2014"
"514";"Rafael MARQUEZ";"Club Leon";"Mexico";"Mexico";"2014"
"515";"Paul AGUILAR";"Club America";"Mexico";"Mexico";"2014"
"516";"Carlos SALCIDO";"Tigres UANL";"Mexico";"Mexico";"2014"
"517";"Carlos PENA";"Club Leon";"Mexico";"Mexico";"2014"
"518";"Hector MORENO";"RCD Espanyol";"Spain";"Mexico";"2014"
"519";"Francisco RODRIGUEZ";"Club America";"Mexico";"Mexico";"2014"
"520";"Jose CORONA";"Cruz Azul FC";"Mexico";"Mexico";"2014"
"521";"Alfredo TALAVERA";"Deportivo Toluca FC";"Mexico";"Mexico";"2014"
"522";"Guillermo OCHOA";"AC Ajaccio";"France";"Mexico";"2014"
"523";"Jose VAZQUEZ";"Club Leon";"Mexico";"Mexico";"2014"
"524";"Miguel PONCE";"Deportivo Toluca FC";"Mexico";"Mexico";"2014"
"525";"Hector HERRERA";"FC Porto";"Portugal";"Mexico";"2014"
"526";"Javier AQUINO";"Villarreal CF";"Spain";"Mexico";"2014"
"527";"Isaac BRIZUELA";"Deportivo Toluca FC";"Mexico";"Mexico";"2014"
"528";"Diego REYES";"FC Porto";"Portugal";"Mexico";"2014"
"529";"Klaas Jan HUNTELAAR";"FC Schalke 04";"Germany";"Netherlands";"2014"
"530";"Robin VAN PERSIE";"Manchester United FC";"England";"Netherlands";"2014"
"531";"Jeremain LENS";"FC Dynamo Kyiv";"Ukraine";"Netherlands";"2014"
"532";"Arjen ROBBEN";"FC Bayern Muenchen";"Germany";"Netherlands";"2014"
"533";"Wesley SNEIJDER";"Galatasaray SK";"Turkey";"Netherlands";"2014"
"534";"Georginio WIJNALDUM";"PSV Eindhoven";"Netherlands";"Netherlands";"2014"
"535";"Dirk KUYT";"Fenerbahce SK";"Turkey";"Netherlands";"2014"
"536";"Bruno MARTINS INDI";"Feyenoord Rotterdam";"Netherlands";"Netherlands";"2014"
"537";"Ron VLAAR";"Aston Villa FC";"England";"Netherlands";"2014"
"538";"Nigel DE JONG";"AC Milan";"Italy";"Netherlands";"2014"
"539";"Michel VORM";"Swansea City AFC";"England";"Netherlands";"2014"
"540";"Paul VERHAEGH";"FC Augsburg";"Germany";"Netherlands";"2014"
"541";"Tim KRUL";"Newcastle United FC";"England";"Netherlands";"2014"
"542";"Jonathan DE GUZMAN";"Swansea City AFC";"England";"Netherlands";"2014"
"543";"Jasper CILLESSEN";"AFC Ajax";"Netherlands";"Netherlands";"2014"
"544";"Leroy FER";"Norwich City FC";"England";"Netherlands";"2014"
"545";"Daryl JANMAAT";"Feyenoord Rotterdam";"Netherlands";"Netherlands";"2014"
"546";"Daley BLIND";"AFC Ajax";"Netherlands";"Netherlands";"2014"
"547";"Stefan DE VRIJ";"Feyenoord Rotterdam";"Netherlands";"Netherlands";"2014"
"548";"Joel VELTMAN";"AFC Ajax";"Netherlands";"Netherlands";"2014"
"549";"Jordy CLASIE";"Feyenoord Rotterdam";"Netherlands";"Netherlands";"2014"
"550";"Terence KONGOLO";"Feyenoord Rotterdam";"Netherlands";"Netherlands";"2014"
"551";"Memphis DEPAY";"PSV Eindhoven";"Netherlands";"Netherlands";"2014"
"552";"Uche NWOFOR";"SC Heerenveen";"Netherlands";"Nigeria";"2014"
"553";"Emmanuel EMENIKE";"Fenerbahce SK";"Turkey";"Nigeria";"2014"
"554";"Shola AMEOBI";"Newcastle United FC";"England";"Nigeria";"2014"
"555";"Okechukwu UCHEBO";"Cercle Brugge";"Belgium";"Nigeria";"2014"
"556";"Victor MOSES";"Liverpool FC";"England";"Nigeria";"2014"
"557";"Peter ODEMWINGIE";"Stoke City FC";"England";"Nigeria";"2014"
"558";"Ahmed MUSA";"CSKA Moscow";"Russia";"Nigeria";"2014"
"559";"Joseph YOBO";"Norwich City FC";"England";"Nigeria";"2014"
"560";"John Obi MIKEL";"Chelsea FC";"England";"Nigeria";"2014"
"561";"Ogenyi ONAZI";"SS Lazio";"Italy";"Nigeria";"2014"
"562";"Uwa ECHIEJILE";"AS Monaco";"France";"Nigeria";"2014"
"563";"Azubuike EGWUEKWE";"Warri Wolves FC";"Nigeria";"Nigeria";"2014"
"564";"Godfrey OBOABONA";"Caykur Rizespor";"Turkey";"Nigeria";"2014"
"565";"Efe AMBROSE";"Celtic FC";"Scotland";"Nigeria";"2014"
"566";"Vincent ENYEAMA";"Lille OSC";"France";"Nigeria";"2014"
"567";"Austine EJIDE";"Hapoel Be'er Sheva FC";"Israel";"Nigeria";"2014"
"568";"Chigozie AGBIM";"Enugu Rangers FC";"Nigeria";"Nigeria";"2014"
"569";"Ebenezer ODUNLAMI";"Sunshine Stars FC";"Nigeria";"Nigeria";"2014"
"570";"Ruben GABRIEL";"KV Waasland-Beveren";"Belgium";"Nigeria";"2014"
"571";"Juwon OSHANIWA";"FC Ashdod";"Israel";"Nigeria";"2014"
"572";"Ramon AZEEZ";"UD Almeria";"Spain";"Nigeria";"2014"
"573";"Michael BABATUNDE";"FC Volyn Lutsk";"Ukraine";"Nigeria";"2014"
"574";"Kenneth OMERUO";"Middlesbrough FC";"England";"Nigeria";"2014"
"575";"CRISTIANO RONALDO";"Real Madrid CF";"Spain";"Portugal";"2014"
"576";"HELDER POSTIGA";"SS Lazio";"Italy";"Portugal";"2014"
"577";"HUGO ALMEIDA";"Besiktas JK";"Turkey";"Portugal";"2014"
"578";"NANI";"Manchester United FC";"England";"Portugal";"2014"
"579";"VARELA";"FC Porto";"Portugal";"Portugal";"2014"
"580";"RAUL MEIRELES";"Fenerbahce SK";"Turkey";"Portugal";"2014"
"581";"BRUNO ALVES";"Fenerbahce SK";"Turkey";"Portugal";"2014"
"582";"FABIO COENTRAO";"Real Madrid CF";"Spain";"Portugal";"2014"
"583";"RICARDO COSTA";"Valencia CF";"Spain";"Portugal";"2014"
"584";"PEPE";"Real Madrid CF";"Spain";"Portugal";"2014"
"585";"MIGUEL VELOSO";"FC Dynamo Kyiv";"Ukraine";"Portugal";"2014"
"586";"JOAO MOUTINHO";"AS Monaco";"France";"Portugal";"2014"
"587";"BETO";"Sevilla FC";"Spain";"Portugal";"2014"
"588";"EDUARDO";"Sporting Braga";"Portugal";"Portugal";"2014"
"589";"JOAO PEREIRA";"Valencia CF";"Spain";"Portugal";"2014"
"590";"RUBEN AMORIM";"SL Benfica";"Portugal";"Portugal";"2014"
"591";"VIEIRINHA";"VfL Wolfsburg";"Germany";"Portugal";"2014"
"592";"EDER";"Sporting Braga";"Portugal";"Portugal";"2014"
"593";"RUI PATRICIO";"Sporting CP";"Portugal";"Portugal";"2014"
"594";"LUIS NETO";"FC Zenit St. Petersburg";"Russia";"Portugal";"2014"
"595";"ANDRE ALMEIDA";"SL Benfica";"Portugal";"Portugal";"2014"
"596";"WILLIAM";"Sporting CP";"Portugal";"Portugal";"2014"
"597";"RAFA";"Sporting Braga";"Portugal";"Portugal";"2014"
"598";"Oleg SHATOV";"FC Zenit St. Petersburg";"Russia";"Russia";"2014"
"599";"Aleksandr KERZHAKOV";"FC Zenit St. Petersburg";"Russia";"Russia";"2014"
"600";"Pavel MOGILEVETC";"FC Rubin Kazan";"Russia";"Russia";"2014"
"601";"Alan DZAGOEV";"CSKA Moscow";"Russia";"Russia";"2014"
"602";"Alexander KOKORIN";"FC Dynamo Moscow";"Russia";"Russia";"2014"
"603";"Victor FAYZULIN";"FC Zenit St. Petersburg";"Russia";"Russia";"2014"
"604";"Alexander SAMEDOV";"FC Lokomotiv Moscow";"Russia";"Russia";"2014"
"605";"Denis GLUSHAKOV";"FC Spartak Moscow";"Russia";"Russia";"2014"
"606";"Sergey IGNASHEVICH";"CSKA Moscow";"Russia";"Russia";"2014"
"607";"Dmitry KOMBAROV";"FC Spartak Moscow";"Russia";"Russia";"2014"
"608";"Vasily BEREZUTSKIY";"CSKA Moscow";"Russia";"Russia";"2014"
"609";"Sergey RYZHIKOV";"FC Rubin Kazan";"Russia";"Russia";"2014"
"610";"Yury ZHIRKOV";"FC Dynamo Moscow";"Russia";"Russia";"2014"
"611";"Andrey ESHCHENKO";"FC Anzhi Makhachkala";"Russia";"Russia";"2014"
"612";"Igor DENISOV";"FC Dynamo Moscow";"Russia";"Russia";"2014"
"613";"Igor AKINFEEV";"CSKA Moscow";"Russia";"Russia";"2014"
"614";"Aleksei KOZLOV";"FC Dynamo Moscow";"Russia";"Russia";"2014"
"615";"Vladimir GRANAT";"FC Dynamo Moscow";"Russia";"Russia";"2014"
"616";"Andrey SEMENOV";"FC Terek Grozny";"Russia";"Russia";"2014"
"617";"Alexey IONOV";"FC Dynamo Moscow";"Russia";"Russia";"2014"
"618";"Yury LODYGIN";"FC Zenit St. Petersburg";"Russia";"Russia";"2014"
"619";"Georgy SHCHENNIKOV";"CSKA Moscow";"Russia";"Russia";"2014"
"620";"Maksim KANUNNIKOV";"FK Amkar Perm";"Russia";"Russia";"2014"
"621";"PARK Chuyoung";"Watford FC";"England";"South Korea";"2014"
"622";"KOO Jacheol";"FSV Mainz 05";"Germany";"South Korea";"2014"
"623";"JI Dongwon";"FC Augsburg";"Germany";"South Korea";"2014"
"624";"LEE Keunho";"Sangju Sangmu FC";"South Korea";"South Korea";"2014"
"625";"SON Heungmin";"Bayer 04 Leverkusen";"Germany";"South Korea";"2014"
"626";"KWAK Taehwi";"Al Hilal FC";"Saudi Arabia";"South Korea";"2014"
"627";"LEE Chungyong";"Bolton Wanderers FC";"England";"South Korea";"2014"
"628";"KIM Shinwook";"Ulsan Hyundai FC";"South Korea";"South Korea";"2014"
"629";"KIM Bokyung";"Cardiff City FC";"England";"South Korea";"2014"
"630";"KI Sungyueng";"Sunderland AFC";"England";"South Korea";"2014"
"631";"KIM Younggwon";"Guangzhou Evergrande FC";"China";"South Korea";"2014"
"632";"HONG Jeongho";"FC Augsburg";"Germany";"South Korea";"2014"
"633";"JUNG Sungryong";"Suwon Bluewings FC";"South Korea";"South Korea";"2014"
"634";"HA Daesung";"Beijing Guoan";"China";"South Korea";"2014"
"635";"KIM Changsoo";"Kashiwa Reysol";"Japan";"South Korea";"2014"
"636";"LEE Yong";"Ulsan Hyundai FC";"South Korea";"South Korea";"2014"
"637";"PARK Jooho";"FSV Mainz 05";"Germany";"South Korea";"2014"
"638";"PARK Jongwoo";"Guangzhou R&F FC";"China";"South Korea";"2014"
"639";"HAN Kookyoung";"Kashiwa Reysol";"Japan";"South Korea";"2014"
"640";"YUN Sukyoung";"Queens Park Rangers FC";"England";"South Korea";"2014"
"641";"HWANG Seokho";"Sanfrecce Hiroshima";"Japan";"South Korea";"2014"
"642";"KIM Seunggyu";"Ulsan Hyundai FC";"South Korea";"South Korea";"2014"
"643";"LEE Bumyoung";"Busan IPark FC";"South Korea";"South Korea";"2014"
"644";"David VILLA";"Atletico Madrid";"Spain";"Spain";"2014"
"645";"Pedro RODRIGUEZ";"FC Barcelona";"Spain";"Spain";"2014"
"646";"Fernando TORRES";"Chelsea FC";"England";"Spain";"2014"
"647";"Juan MATA";"Manchester United FC";"England";"Spain";"2014"
"648";"David SILVA";"Manchester City FC";"England";"Spain";"2014"
"649";"Morgan SCHNEIDERLIN";"Southampton FC";"England";"France";"2014"
"650";"Jordi ALBA";"FC Barcelona";"Spain";"Spain";"2014"
"651";"Santi CAZORLA";"Arsenal FC";"England";"Spain";"2014"
"652";"Cesc FABREGAS";"FC Barcelona";"Spain";"Spain";"2014"
"653";"JUANFRAN";"Atletico Madrid";"Spain";"Spain";"2014"
"654";"Xabi ALONSO";"Real Madrid CF";"Spain";"Spain";"2014"
"655";"Andres INIESTA";"FC Barcelona";"Spain";"Spain";"2014"
"656";"Xavi HERNANDEZ";"FC Barcelona";"Spain";"Spain";"2014"
"657";"Sergio RAMOS";"Real Madrid CF";"Spain";"Spain";"2014"
"658";"Gerard PIQUE";"FC Barcelona";"Spain";"Spain";"2014"
"659";"Iker CASILLAS";"Real Madrid CF";"Spain";"Spain";"2014"
"660";"Pepe REINA";"SSC Napoli";"Italy";"Spain";"2014"
"661";"Raul ALBIOL";"SSC Napoli";"Italy";"Spain";"2014"
"662";"Javi MARTINEZ";"FC Bayern Muenchen";"Germany";"Spain";"2014"
"663";"Sergio BUSQUETS";"FC Barcelona";"Spain";"Spain";"2014"
"664";"Diego COSTA";"Atletico Madrid";"Spain";"Spain";"2014"
"665";"Cesar AZPILICUETA";"Chelsea FC";"England";"Spain";"2014"
"666";"KOKE";"Atletico Madrid";"Spain";"Spain";"2014"
"667";"David DE GEA";"Manchester United FC";"England";"Spain";"2014"
"668";"Fabian SCHAER";"FC Basel";"Switzerland";"Switzerland";"2014"
"669";"Josip DRMIC";"1. FC Nuernberg";"Germany";"Switzerland";"2014"
"670";"Mario GAVRANOVIC";"FC Zuerich";"Switzerland";"Switzerland";"2014"
"671";"Xherdan SHAQIRI";"FC Bayern Muenchen";"Germany";"Switzerland";"2014"
"672";"Michael LANG";"Grasshopper Club";"Switzerland";"Switzerland";"2014"
"673";"Granit XHAKA";"Borussia Moenchengladbach";"Germany";"Switzerland";"2014"
"674";"Tranquillo BARNETTA";"Eintracht Frankfurt";"Germany";"Switzerland";"2014"
"675";"Valentin STOCKER";"FC Basel";"Switzerland";"Switzerland";"2014"
"676";"Philippe SENDEROS";"Valencia CF";"Spain";"Switzerland";"2014"
"677";"Haris SEFEROVIC";"Real Sociedad";"Spain";"Switzerland";"2014"
"678";"Gokhan INLER";"SSC Napoli";"Italy";"Switzerland";"2014"
"679";"Stephan LICHTSTEINER";"Juventus FC";"Italy";"Switzerland";"2014"
"680";"Admir MEHMEDI";"SC Freiburg";"Germany";"Switzerland";"2014"
"681";"Gelson FERNANDES";"SC Freiburg";"Germany";"Switzerland";"2014"
"682";"Valon BEHRAMI";"SSC Napoli";"Italy";"Switzerland";"2014"
"683";"Blerim DZEMAILI";"SSC Napoli";"Italy";"Switzerland";"2014"
"684";"Reto ZIEGLER";"US Sassuolo";"Italy";"Switzerland";"2014"
"685";"Johan DJOUROU";"Hamburger SV";"Germany";"Switzerland";"2014"
"686";"Steve VON BERGEN";"BSC Young Boys";"Switzerland";"Switzerland";"2014"
"687";"Diego BENAGLIO";"VfL Wolfsburg";"Germany";"Switzerland";"2014"
"688";"Yann SOMMER";"FC Basel";"Switzerland";"Switzerland";"2014"
"689";"Ricardo RODRIGUEZ";"VfL Wolfsburg";"Germany";"Switzerland";"2014"
"690";"Roman BUERKI";"Grasshopper Club";"Switzerland";"Switzerland";"2014"
"691";"Abel HERNANDEZ";"US Citta di Palermo";"Italy";"Uruguay";"2014"
"692";"Luis SUAREZ";"Liverpool FC";"England";"Uruguay";"2014"
"693";"Cristhian STUANI";"RCD Espanyol";"Spain";"Uruguay";"2014"
"694";"Diego FORLAN";"Cerezo Osaka";"Japan";"Uruguay";"2014"
"695";"Edinson CAVANI";"Paris Saint-Germain FC";"France";"Uruguay";"2014"
"696";"Nicolas LODEIRO";"Botafogo FR";"Brazil";"Uruguay";"2014"
"697";"Cristian RODRIGUEZ";"Atletico Madrid";"Spain";"Uruguay";"2014"
"698";"Alvaro PEREIRA";"Sao Paulo FC";"Brazil";"Uruguay";"2014"
"699";"Diego LUGANO";"West Bromwich Albion FC";"England";"Uruguay";"2014"
"700";"Alvaro GONZALEZ";"SS Lazio";"Italy";"Uruguay";"2014"
"701";"Diego GODIN";"Atletico Madrid";"Spain";"Uruguay";"2014"
"702";"Maximiliano PEREIRA";"SL Benfica";"Portugal";"Uruguay";"2014"
"703";"Diego PEREZ";"Bologna FC";"Italy";"Uruguay";"2014"
"704";"Martin CACERES";"Juventus FC";"Italy";"Uruguay";"2014"
"705";"Walter GARGANO";"Parma FC";"Italy";"Uruguay";"2014"
"706";"Egidio AREVALO";"CA Monarcas Morelia";"Mexico";"Uruguay";"2014"
"707";"Martin SILVA";"CR Vasco da Gama";"Brazil";"Uruguay";"2014"
"708";"Jorge FUCILE";"FC Porto";"Portugal";"Uruguay";"2014"
"709";"Fernando MUSLERA";"Galatasaray SK";"Turkey";"Uruguay";"2014"
"710";"Sebastian COATES";"Club Nacional de Football";"Uruguay";"Uruguay";"2014"
"711";"Gaston RAMIREZ";"Southampton FC";"England";"Uruguay";"2014"
"712";"Jose GIMENEZ";"Atletico Madrid";"Spain";"Uruguay";"2014"
"713";"Rodrigo MUNOZ";"Club Libertad";"Paraguay";"Uruguay";"2014"
"714";"Chris WONDOLOWSKI";"San Jose Earthquakes";"USA";"USA";"2014"
"715";"Clint DEMPSEY";"Seattle Sounders FC";"USA";"USA";"2014"
"716";"Jozy ALTIDORE";"Sunderland AFC";"England";"USA";"2014"
"717";"Aron JOHANNSSON";"AZ Alkmaar";"Netherlands";"USA";"2014"
"718";"Mix DISKERUD";"Rosenborg BK";"Norway";"USA";"2014"
"719";"DaMarcus BEASLEY";"Puebla FC";"Mexico";"USA";"2014"
"720";"Michael BRADLEY";"Toronto FC";"Canada";"USA";"2014"
"721";"Graham ZUSI";"Sporting Kansas City";"USA";"USA";"2014"
"722";"Fabian JOHNSON";"TSG 1899 Hoffenheim";"Germany";"USA";"2014"
"723";"Jermaine JONES";"Besiktas JK";"Turkey";"USA";"2014"
"724";"Geoff CAMERON";"Stoke City FC";"England";"USA";"2014"
"725";"Alejandro BEDOYA";"FC Nantes";"France";"USA";"2014"
"726";"Kyle BECKERMAN";"Real Salt Lake";"USA";"USA";"2014"
"727";"Tim HOWARD";"Everton FC";"England";"USA";"2014"
"728";"Nick RIMANDO";"Real Salt Lake";"USA";"USA";"2014"
"729";"Brad DAVIS";"Houston Dynamo";"USA";"USA";"2014"
"730";"Brad GUZAN";"Aston Villa FC";"England";"USA";"2014"
"731";"Matt BESLER";"Sporting Kansas City";"USA";"USA";"2014"
"732";"Omar GONZALEZ";"Los Angeles Galaxy";"USA";"USA";"2014"
"733";"Timmy CHANDLER";"1. FC Nuernberg";"Germany";"USA";"2014"
"734";"John BROOKS";"Hertha BSC";"Germany";"USA";"2014"
"735";"DeAndre YEDLIN";"Seattle Sounders FC";"USA";"USA";"2014"
"736";"Julian GREEN";"FC Bayern Muenchen";"Germany";"USA";"2014"
